2026-02-27 04:50:12.423 | INFO     | serpentine.core.engine:_create_mode_strategy:48 | {'system': 'core'} | Using mode strategy: ArchitectMode
2026-02-27 04:50:12.424 | INFO     | serpentine.core.engine:_initialize_systems:99 | {'system': 'core'} | Initializing engine in EngineMode.ARCHITECT mode using ArchitectMode...
2026-02-27 04:50:12.429 | DEBUG    | serpentine.core.engine:_initialize_systems:119 | {'system': 'core'} | Phase INPUT: ['SensoryInputSystem']
2026-02-27 04:50:12.429 | DEBUG    | serpentine.core.engine:_initialize_systems:119 | {'system': 'core'} | Phase MAIL_ROUTING: []
2026-02-27 04:50:12.429 | DEBUG    | serpentine.core.engine:_initialize_systems:119 | {'system': 'core'} | Phase PERCEPTION: ['PerceptionPipelineSystem']
2026-02-27 04:50:12.431 | DEBUG    | serpentine.core.engine:_initialize_systems:119 | {'system': 'core'} | Phase INTERNAL_PHYSICS: []
2026-02-27 04:50:12.431 | DEBUG    | serpentine.core.engine:_initialize_systems:119 | {'system': 'core'} | Phase COGNITION: []
2026-02-27 04:50:12.431 | DEBUG    | serpentine.core.engine:_initialize_systems:119 | {'system': 'core'} | Phase EXECUTION: ['ActionExecutionSystem']
2026-02-27 04:50:12.431 | DEBUG    | serpentine.core.engine:_initialize_systems:119 | {'system': 'core'} | Phase REWARD: []
2026-02-27 04:50:12.431 | DEBUG    | serpentine.core.engine:_initialize_systems:119 | {'system': 'core'} | Phase TELEMETRY: ['GUIDebugSystem']
2026-02-27 04:50:12.504 | INFO     | serpentine.core.engine:run:124 | {'system': 'core'} | Engine started.
2026-02-27 04:50:12.867 | ERROR    | serpentine.core.engine:_tick:193 | {'system': 'core'} | Error in system GUIDebugSystem: module 'dearpygui.dearpygui' has no attribute 'mvNode_Attribute_Output'
2026-02-27 04:50:12.869 | ERROR    | serpentine.core.engine:_tick:193 | {'system': 'core'} | Error in system GUIDebugSystem: module 'dearpygui.dearpygui' has no attribute 'mvNode_Attribute_Input'
2026-02-27 04:50:12.890 | ERROR    | serpentine.core.engine:_tick:193 | {'system': 'core'} | Error in system GUIDebugSystem: module 'dearpygui.dearpygui' has no attribute 'mvNode_Attribute_Input'
2026-02-27 04:50:12.920 | ERROR    | serpentine.core.engine:_tick:193 | {'system': 'core'} | Error in system GUIDebugSystem: module 'dearpygui.dearpygui' has no attribute 'mvNode_Attribute_Input'
2026-02-27 04:55:03.530 | INFO     | serpentine.core.engine:_create_mode_strategy:48 | {'system': 'core'} | Using mode strategy: ArchitectMode
2026-02-27 04:55:03.531 | INFO     | serpentine.core.engine:_initialize_systems:99 | {'system': 'core'} | Initializing engine in EngineMode.ARCHITECT mode using ArchitectMode...
2026-02-27 04:55:03.534 | DEBUG    | serpentine.core.engine:_initialize_systems:119 | {'system': 'core'} | Phase INPUT: ['SensoryInputSystem']
2026-02-27 04:55:03.535 | DEBUG    | serpentine.core.engine:_initialize_systems:119 | {'system': 'core'} | Phase MAIL_ROUTING: []
2026-02-27 04:55:03.535 | DEBUG    | serpentine.core.engine:_initialize_systems:119 | {'system': 'core'} | Phase PERCEPTION: ['PerceptionPipelineSystem']
2026-02-27 04:55:03.535 | DEBUG    | serpentine.core.engine:_initialize_systems:119 | {'system': 'core'} | Phase INTERNAL_PHYSICS: []
2026-02-27 04:55:03.535 | DEBUG    | serpentine.core.engine:_initialize_systems:119 | {'system': 'core'} | Phase COGNITION: []
2026-02-27 04:55:03.535 | DEBUG    | serpentine.core.engine:_initialize_systems:119 | {'system': 'core'} | Phase EXECUTION: ['ActionExecutionSystem']
2026-02-27 04:55:03.535 | DEBUG    | serpentine.core.engine:_initialize_systems:119 | {'system': 'core'} | Phase REWARD: []
2026-02-27 04:55:03.536 | DEBUG    | serpentine.core.engine:_initialize_systems:119 | {'system': 'core'} | Phase TELEMETRY: ['GUIDebugSystem']
2026-02-27 04:55:03.541 | INFO     | serpentine.core.engine:run:124 | {'system': 'core'} | Engine started.
2026-02-27 04:55:03.774 | ERROR    | serpentine.core.engine:_tick:193 | {'system': 'core'} | Error in system GUIDebugSystem: module 'dearpygui.dearpygui' has no attribute 'mvNode_Attribute_Output'
2026-02-27 04:55:03.775 | ERROR    | serpentine.core.engine:_tick:193 | {'system': 'core'} | Error in system GUIDebugSystem: module 'dearpygui.dearpygui' has no attribute 'mvNode_Attribute_Input'
2026-02-27 04:55:03.802 | ERROR    | serpentine.core.engine:_tick:193 | {'system': 'core'} | Error in system GUIDebugSystem: module 'dearpygui.dearpygui' has no attribute 'mvNode_Attribute_Input'
2026-02-27 04:55:03.832 | ERROR    | serpentine.core.engine:_tick:193 | {'system': 'core'} | Error in system GUIDebugSystem: module 'dearpygui.dearpygui' has no attribute 'mvNode_Attribute_Input'
2026-02-27 04:56:14.126 | INFO     | serpentine.core.engine:_create_mode_strategy:48 | {'system': 'core'} | Using mode strategy: ArchitectMode
2026-02-27 04:56:14.127 | INFO     | serpentine.core.engine:_initialize_systems:99 | {'system': 'core'} | Initializing engine in EngineMode.ARCHITECT mode using ArchitectMode...
2026-02-27 04:56:14.128 | DEBUG    | serpentine.core.engine:_initialize_systems:119 | {'system': 'core'} | Phase INPUT: ['SensoryInputSystem']
2026-02-27 04:56:14.129 | DEBUG    | serpentine.core.engine:_initialize_systems:119 | {'system': 'core'} | Phase MAIL_ROUTING: []
2026-02-27 04:56:14.129 | DEBUG    | serpentine.core.engine:_initialize_systems:119 | {'system': 'core'} | Phase PERCEPTION: ['PerceptionPipelineSystem']
2026-02-27 04:56:14.129 | DEBUG    | serpentine.core.engine:_initialize_systems:119 | {'system': 'core'} | Phase INTERNAL_PHYSICS: []
2026-02-27 04:56:14.129 | DEBUG    | serpentine.core.engine:_initialize_systems:119 | {'system': 'core'} | Phase COGNITION: []
2026-02-27 04:56:14.129 | DEBUG    | serpentine.core.engine:_initialize_systems:119 | {'system': 'core'} | Phase EXECUTION: ['ActionExecutionSystem']
2026-02-27 04:56:14.129 | DEBUG    | serpentine.core.engine:_initialize_systems:119 | {'system': 'core'} | Phase REWARD: []
2026-02-27 04:56:14.129 | DEBUG    | serpentine.core.engine:_initialize_systems:119 | {'system': 'core'} | Phase TELEMETRY: ['GUIDebugSystem']
2026-02-27 04:56:14.134 | INFO     | serpentine.core.engine:run:124 | {'system': 'core'} | Engine started.
2026-02-27 04:56:14.366 | ERROR    | serpentine.core.engine:_tick:193 | {'system': 'core'} | Error in system GUIDebugSystem: add_node_link() missing 2 required positional arguments: 'attr_1' and 'attr_2'
2026-02-27 04:56:14.367 | ERROR    | serpentine.core.engine:_tick:193 | {'system': 'core'} | Error in system GUIDebugSystem: add_node_link() missing 2 required positional arguments: 'attr_1' and 'attr_2'
2026-02-27 04:56:14.399 | ERROR    | serpentine.core.engine:_tick:193 | {'system': 'core'} | Error in system GUIDebugSystem: add_node_link() missing 2 required positional arguments: 'attr_1' and 'attr_2'
2026-02-27 04:56:14.431 | ERROR    | serpentine.core.engine:_tick:193 | {'system': 'core'} | Error in system GUIDebugSystem: add_node_link() missing 2 required positional arguments: 'attr_1' and 'attr_2'
2026-02-27 04:56:14.460 | ERROR    | serpentine.core.engine:_tick:193 | {'system': 'core'} | Error in system GUIDebugSystem: add_node_link() missing 2 required positional arguments: 'attr_1' and 'attr_2'
2026-02-27 04:56:14.491 | ERROR    | serpentine.core.engine:_tick:193 | {'system': 'core'} | Error in system GUIDebugSystem: add_node_link() missing 2 required positional arguments: 'attr_1' and 'attr_2'
2026-02-27 04:56:14.522 | ERROR    | serpentine.core.engine:_tick:193 | {'system': 'core'} | Error in system GUIDebugSystem: add_node_link() missing 2 required positional arguments: 'attr_1' and 'attr_2'
2026-02-27 04:56:14.553 | ERROR    | serpentine.core.engine:_tick:193 | {'system': 'core'} | Error in system GUIDebugSystem: add_node_link() missing 2 required positional arguments: 'attr_1' and 'attr_2'
2026-02-27 04:56:14.582 | ERROR    | serpentine.core.engine:_tick:193 | {'system': 'core'} | Error in system GUIDebugSystem: add_node_link() missing 2 required positional arguments: 'attr_1' and 'attr_2'
2026-02-27 04:56:14.614 | ERROR    | serpentine.core.engine:_tick:193 | {'system': 'core'} | Error in system GUIDebugSystem: add_node_link() missing 2 required positional arguments: 'attr_1' and 'attr_2'
2026-02-27 04:56:14.645 | ERROR    | serpentine.core.engine:_tick:193 | {'system': 'core'} | Error in system GUIDebugSystem: add_node_link() missing 2 required positional arguments: 'attr_1' and 'attr_2'
2026-02-27 04:56:14.676 | ERROR    | serpentine.core.engine:_tick:193 | {'system': 'core'} | Error in system GUIDebugSystem: add_node_link() missing 2 required positional arguments: 'attr_1' and 'attr_2'
2026-02-27 04:56:14.708 | ERROR    | serpentine.core.engine:_tick:193 | {'system': 'core'} | Error in system GUIDebugSystem: add_node_link() missing 2 required positional arguments: 'attr_1' and 'attr_2'
2026-02-27 04:56:14.738 | ERROR    | serpentine.core.engine:_tick:193 | {'system': 'core'} | Error in system GUIDebugSystem: add_node_link() missing 2 required positional arguments: 'attr_1' and 'attr_2'
2026-02-27 04:56:14.768 | ERROR    | serpentine.core.engine:_tick:193 | {'system': 'core'} | Error in system GUIDebugSystem: add_node_link() missing 2 required positional arguments: 'attr_1' and 'attr_2'
2026-02-27 04:56:14.800 | ERROR    | serpentine.core.engine:_tick:193 | {'system': 'core'} | Error in system GUIDebugSystem: add_node_link() missing 2 required positional arguments: 'attr_1' and 'attr_2'
2026-02-27 04:56:14.831 | ERROR    | serpentine.core.engine:_tick:193 | {'system': 'core'} | Error in system GUIDebugSystem: add_node_link() missing 2 required positional arguments: 'attr_1' and 'attr_2'
2026-02-27 04:56:14.862 | ERROR    | serpentine.core.engine:_tick:193 | {'system': 'core'} | Error in system GUIDebugSystem: add_node_link() missing 2 required positional arguments: 'attr_1' and 'attr_2'
2026-02-27 04:56:14.892 | ERROR    | serpentine.core.engine:_tick:193 | {'system': 'core'} | Error in system GUIDebugSystem: add_node_link() missing 2 required positional arguments: 'attr_1' and 'attr_2'
2026-02-27 04:56:14.924 | ERROR    | serpentine.core.engine:_tick:193 | {'system': 'core'} | Error in system GUIDebugSystem: add_node_link() missing 2 required positional arguments: 'attr_1' and 'attr_2'
2026-02-27 04:56:14.954 | ERROR    | serpentine.core.engine:_tick:193 | {'system': 'core'} | Error in system GUIDebugSystem: add_node_link() missing 2 required positional arguments: 'attr_1' and 'attr_2'
2026-02-27 04:56:14.986 | ERROR    | serpentine.core.engine:_tick:193 | {'system': 'core'} | Error in system GUIDebugSystem: add_node_link() missing 2 required positional arguments: 'attr_1' and 'attr_2'
2026-02-27 04:56:15.018 | ERROR    | serpentine.core.engine:_tick:193 | {'system': 'core'} | Error in system GUIDebugSystem: add_node_link() missing 2 required positional arguments: 'attr_1' and 'attr_2'
2026-02-27 04:56:15.051 | ERROR    | serpentine.core.engine:_tick:193 | {'system': 'core'} | Error in system GUIDebugSystem: add_node_link() missing 2 required positional arguments: 'attr_1' and 'attr_2'
2026-02-27 04:56:15.081 | ERROR    | serpentine.core.engine:_tick:193 | {'system': 'core'} | Error in system GUIDebugSystem: add_node_link() missing 2 required positional arguments: 'attr_1' and 'attr_2'
2026-02-27 04:56:15.111 | ERROR    | serpentine.core.engine:_tick:193 | {'system': 'core'} | Error in system GUIDebugSystem: add_node_link() missing 2 required positional arguments: 'attr_1' and 'attr_2'
2026-02-27 04:56:15.143 | ERROR    | serpentine.core.engine:_tick:193 | {'system': 'core'} | Error in system GUIDebugSystem: add_node_link() missing 2 required positional arguments: 'attr_1' and 'attr_2'
2026-02-27 04:56:15.174 | ERROR    | serpentine.core.engine:_tick:193 | {'system': 'core'} | Error in system GUIDebugSystem: add_node_link() missing 2 required positional arguments: 'attr_1' and 'attr_2'
2026-02-27 04:56:15.204 | ERROR    | serpentine.core.engine:_tick:193 | {'system': 'core'} | Error in system GUIDebugSystem: add_node_link() missing 2 required positional arguments: 'attr_1' and 'attr_2'
2026-02-27 04:56:15.236 | ERROR    | serpentine.core.engine:_tick:193 | {'system': 'core'} | Error in system GUIDebugSystem: add_node_link() missing 2 required positional arguments: 'attr_1' and 'attr_2'
2026-02-27 04:56:15.268 | ERROR    | serpentine.core.engine:_tick:193 | {'system': 'core'} | Error in system GUIDebugSystem: add_node_link() missing 2 required positional arguments: 'attr_1' and 'attr_2'
2026-02-27 04:56:15.298 | ERROR    | serpentine.core.engine:_tick:193 | {'system': 'core'} | Error in system GUIDebugSystem: add_node_link() missing 2 required positional arguments: 'attr_1' and 'attr_2'
2026-02-27 04:56:15.331 | ERROR    | serpentine.core.engine:_tick:193 | {'system': 'core'} | Error in system GUIDebugSystem: add_node_link() missing 2 required positional arguments: 'attr_1' and 'attr_2'
2026-02-27 04:56:15.363 | ERROR    | serpentine.core.engine:_tick:193 | {'system': 'core'} | Error in system GUIDebugSystem: add_node_link() missing 2 required positional arguments: 'attr_1' and 'attr_2'
2026-02-27 04:56:15.394 | ERROR    | serpentine.core.engine:_tick:193 | {'system': 'core'} | Error in system GUIDebugSystem: add_node_link() missing 2 required positional arguments: 'attr_1' and 'attr_2'
2026-02-27 04:56:15.426 | ERROR    | serpentine.core.engine:_tick:193 | {'system': 'core'} | Error in system GUIDebugSystem: add_node_link() missing 2 required positional arguments: 'attr_1' and 'attr_2'
2026-02-27 04:56:15.456 | ERROR    | serpentine.core.engine:_tick:193 | {'system': 'core'} | Error in system GUIDebugSystem: add_node_link() missing 2 required positional arguments: 'attr_1' and 'attr_2'
2026-02-27 04:56:15.487 | ERROR    | serpentine.core.engine:_tick:193 | {'system': 'core'} | Error in system GUIDebugSystem: add_node_link() missing 2 required positional arguments: 'attr_1' and 'attr_2'
2026-02-27 04:56:15.519 | ERROR    | serpentine.core.engine:_tick:193 | {'system': 'core'} | Error in system GUIDebugSystem: add_node_link() missing 2 required positional arguments: 'attr_1' and 'attr_2'
2026-02-27 04:56:15.550 | ERROR    | serpentine.core.engine:_tick:193 | {'system': 'core'} | Error in system GUIDebugSystem: add_node_link() missing 2 required positional arguments: 'attr_1' and 'attr_2'
2026-02-27 04:56:15.581 | ERROR    | serpentine.core.engine:_tick:193 | {'system': 'core'} | Error in system GUIDebugSystem: add_node_link() missing 2 required positional arguments: 'attr_1' and 'attr_2'
2026-02-27 04:56:15.612 | ERROR    | serpentine.core.engine:_tick:193 | {'system': 'core'} | Error in system GUIDebugSystem: add_node_link() missing 2 required positional arguments: 'attr_1' and 'attr_2'
2026-02-27 04:56:15.643 | ERROR    | serpentine.core.engine:_tick:193 | {'system': 'core'} | Error in system GUIDebugSystem: add_node_link() missing 2 required positional arguments: 'attr_1' and 'attr_2'
2026-02-27 04:56:15.673 | ERROR    | serpentine.core.engine:_tick:193 | {'system': 'core'} | Error in system GUIDebugSystem: add_node_link() missing 2 required positional arguments: 'attr_1' and 'attr_2'
2026-02-27 04:56:15.703 | ERROR    | serpentine.core.engine:_tick:193 | {'system': 'core'} | Error in system GUIDebugSystem: add_node_link() missing 2 required positional arguments: 'attr_1' and 'attr_2'
2026-02-27 04:56:15.736 | ERROR    | serpentine.core.engine:_tick:193 | {'system': 'core'} | Error in system GUIDebugSystem: add_node_link() missing 2 required positional arguments: 'attr_1' and 'attr_2'
2026-02-27 04:56:15.767 | ERROR    | serpentine.core.engine:_tick:193 | {'system': 'core'} | Error in system GUIDebugSystem: add_node_link() missing 2 required positional arguments: 'attr_1' and 'attr_2'
2026-02-27 04:56:15.797 | ERROR    | serpentine.core.engine:_tick:193 | {'system': 'core'} | Error in system GUIDebugSystem: add_node_link() missing 2 required positional arguments: 'attr_1' and 'attr_2'
2026-02-27 04:56:15.829 | ERROR    | serpentine.core.engine:_tick:193 | {'system': 'core'} | Error in system GUIDebugSystem: add_node_link() missing 2 required positional arguments: 'attr_1' and 'attr_2'
2026-02-27 04:56:15.860 | ERROR    | serpentine.core.engine:_tick:193 | {'system': 'core'} | Error in system GUIDebugSystem: add_node_link() missing 2 required positional arguments: 'attr_1' and 'attr_2'
2026-02-27 04:56:15.892 | ERROR    | serpentine.core.engine:_tick:193 | {'system': 'core'} | Error in system GUIDebugSystem: add_node_link() missing 2 required positional arguments: 'attr_1' and 'attr_2'
2026-02-27 04:56:15.921 | ERROR    | serpentine.core.engine:_tick:193 | {'system': 'core'} | Error in system GUIDebugSystem: add_node_link() missing 2 required positional arguments: 'attr_1' and 'attr_2'
2026-02-27 04:56:15.952 | ERROR    | serpentine.core.engine:_tick:193 | {'system': 'core'} | Error in system GUIDebugSystem: add_node_link() missing 2 required positional arguments: 'attr_1' and 'attr_2'
2026-02-27 04:56:15.983 | ERROR    | serpentine.core.engine:_tick:193 | {'system': 'core'} | Error in system GUIDebugSystem: add_node_link() missing 2 required positional arguments: 'attr_1' and 'attr_2'
2026-02-27 04:56:16.015 | ERROR    | serpentine.core.engine:_tick:193 | {'system': 'core'} | Error in system GUIDebugSystem: add_node_link() missing 2 required positional arguments: 'attr_1' and 'attr_2'
2026-02-27 04:56:16.046 | ERROR    | serpentine.core.engine:_tick:193 | {'system': 'core'} | Error in system GUIDebugSystem: add_node_link() missing 2 required positional arguments: 'attr_1' and 'attr_2'
2026-02-27 04:56:16.079 | ERROR    | serpentine.core.engine:_tick:193 | {'system': 'core'} | Error in system GUIDebugSystem: add_node_link() missing 2 required positional arguments: 'attr_1' and 'attr_2'
2026-02-27 04:56:16.111 | ERROR    | serpentine.core.engine:_tick:193 | {'system': 'core'} | Error in system GUIDebugSystem: add_node_link() missing 2 required positional arguments: 'attr_1' and 'attr_2'
2026-02-27 04:56:16.131 | ERROR    | serpentine.core.engine:_tick:193 | {'system': 'core'} | Error in system GUIDebugSystem: add_node_link() missing 2 required positional arguments: 'attr_1' and 'attr_2'
2026-02-27 04:56:16.156 | ERROR    | serpentine.core.engine:_tick:193 | {'system': 'core'} | Error in system GUIDebugSystem: add_node_link() missing 2 required positional arguments: 'attr_1' and 'attr_2'
2026-02-27 04:56:16.186 | ERROR    | serpentine.core.engine:_tick:193 | {'system': 'core'} | Error in system GUIDebugSystem: add_node_link() missing 2 required positional arguments: 'attr_1' and 'attr_2'
2026-02-27 04:56:16.218 | ERROR    | serpentine.core.engine:_tick:193 | {'system': 'core'} | Error in system GUIDebugSystem: add_node_link() missing 2 required positional arguments: 'attr_1' and 'attr_2'
2026-02-27 04:56:16.248 | ERROR    | serpentine.core.engine:_tick:193 | {'system': 'core'} | Error in system GUIDebugSystem: add_node_link() missing 2 required positional arguments: 'attr_1' and 'attr_2'
2026-02-27 04:56:16.279 | ERROR    | serpentine.core.engine:_tick:193 | {'system': 'core'} | Error in system GUIDebugSystem: add_node_link() missing 2 required positional arguments: 'attr_1' and 'attr_2'
2026-02-27 04:56:16.310 | ERROR    | serpentine.core.engine:_tick:193 | {'system': 'core'} | Error in system GUIDebugSystem: add_node_link() missing 2 required positional arguments: 'attr_1' and 'attr_2'
2026-02-27 04:56:16.340 | ERROR    | serpentine.core.engine:_tick:193 | {'system': 'core'} | Error in system GUIDebugSystem: add_node_link() missing 2 required positional arguments: 'attr_1' and 'attr_2'
2026-02-27 04:56:16.370 | ERROR    | serpentine.core.engine:_tick:193 | {'system': 'core'} | Error in system GUIDebugSystem: add_node_link() missing 2 required positional arguments: 'attr_1' and 'attr_2'
2026-02-27 04:56:16.401 | ERROR    | serpentine.core.engine:_tick:193 | {'system': 'core'} | Error in system GUIDebugSystem: add_node_link() missing 2 required positional arguments: 'attr_1' and 'attr_2'
2026-02-27 04:56:16.433 | ERROR    | serpentine.core.engine:_tick:193 | {'system': 'core'} | Error in system GUIDebugSystem: add_node_link() missing 2 required positional arguments: 'attr_1' and 'attr_2'
2026-02-27 04:56:16.463 | ERROR    | serpentine.core.engine:_tick:193 | {'system': 'core'} | Error in system GUIDebugSystem: add_node_link() missing 2 required positional arguments: 'attr_1' and 'attr_2'
2026-02-27 04:56:16.495 | ERROR    | serpentine.core.engine:_tick:193 | {'system': 'core'} | Error in system GUIDebugSystem: add_node_link() missing 2 required positional arguments: 'attr_1' and 'attr_2'
2026-02-27 04:56:16.526 | ERROR    | serpentine.core.engine:_tick:193 | {'system': 'core'} | Error in system GUIDebugSystem: add_node_link() missing 2 required positional arguments: 'attr_1' and 'attr_2'
2026-02-27 04:56:16.556 | ERROR    | serpentine.core.engine:_tick:193 | {'system': 'core'} | Error in system GUIDebugSystem: add_node_link() missing 2 required positional arguments: 'attr_1' and 'attr_2'
2026-02-27 04:56:16.588 | ERROR    | serpentine.core.engine:_tick:193 | {'system': 'core'} | Error in system GUIDebugSystem: add_node_link() missing 2 required positional arguments: 'attr_1' and 'attr_2'
2026-02-27 04:56:16.618 | ERROR    | serpentine.core.engine:_tick:193 | {'system': 'core'} | Error in system GUIDebugSystem: add_node_link() missing 2 required positional arguments: 'attr_1' and 'attr_2'
2026-02-27 04:56:16.652 | ERROR    | serpentine.core.engine:_tick:193 | {'system': 'core'} | Error in system GUIDebugSystem: add_node_link() missing 2 required positional arguments: 'attr_1' and 'attr_2'
2026-02-27 04:56:16.681 | ERROR    | serpentine.core.engine:_tick:193 | {'system': 'core'} | Error in system GUIDebugSystem: add_node_link() missing 2 required positional arguments: 'attr_1' and 'attr_2'
2026-02-27 04:56:16.713 | ERROR    | serpentine.core.engine:_tick:193 | {'system': 'core'} | Error in system GUIDebugSystem: add_node_link() missing 2 required positional arguments: 'attr_1' and 'attr_2'
2026-02-27 04:56:16.743 | ERROR    | serpentine.core.engine:_tick:193 | {'system': 'core'} | Error in system GUIDebugSystem: add_node_link() missing 2 required positional arguments: 'attr_1' and 'attr_2'
2026-02-27 04:56:16.777 | ERROR    | serpentine.core.engine:_tick:193 | {'system': 'core'} | Error in system GUIDebugSystem: add_node_link() missing 2 required positional arguments: 'attr_1' and 'attr_2'
2026-02-27 04:56:16.808 | ERROR    | serpentine.core.engine:_tick:193 | {'system': 'core'} | Error in system GUIDebugSystem: add_node_link() missing 2 required positional arguments: 'attr_1' and 'attr_2'
2026-02-27 04:56:16.839 | ERROR    | serpentine.core.engine:_tick:193 | {'system': 'core'} | Error in system GUIDebugSystem: add_node_link() missing 2 required positional arguments: 'attr_1' and 'attr_2'
2026-02-27 04:56:16.870 | ERROR    | serpentine.core.engine:_tick:193 | {'system': 'core'} | Error in system GUIDebugSystem: add_node_link() missing 2 required positional arguments: 'attr_1' and 'attr_2'
2026-02-27 04:56:16.902 | ERROR    | serpentine.core.engine:_tick:193 | {'system': 'core'} | Error in system GUIDebugSystem: add_node_link() missing 2 required positional arguments: 'attr_1' and 'attr_2'
2026-02-27 04:56:16.932 | ERROR    | serpentine.core.engine:_tick:193 | {'system': 'core'} | Error in system GUIDebugSystem: add_node_link() missing 2 required positional arguments: 'attr_1' and 'attr_2'
2026-02-27 04:56:16.963 | ERROR    | serpentine.core.engine:_tick:193 | {'system': 'core'} | Error in system GUIDebugSystem: add_node_link() missing 2 required positional arguments: 'attr_1' and 'attr_2'
2026-02-27 04:56:16.995 | ERROR    | serpentine.core.engine:_tick:193 | {'system': 'core'} | Error in system GUIDebugSystem: add_node_link() missing 2 required positional arguments: 'attr_1' and 'attr_2'
2026-02-27 04:56:17.026 | ERROR    | serpentine.core.engine:_tick:193 | {'system': 'core'} | Error in system GUIDebugSystem: add_node_link() missing 2 required positional arguments: 'attr_1' and 'attr_2'
2026-02-27 04:56:17.057 | ERROR    | serpentine.core.engine:_tick:193 | {'system': 'core'} | Error in system GUIDebugSystem: add_node_link() missing 2 required positional arguments: 'attr_1' and 'attr_2'
2026-02-27 04:56:17.088 | ERROR    | serpentine.core.engine:_tick:193 | {'system': 'core'} | Error in system GUIDebugSystem: add_node_link() missing 2 required positional arguments: 'attr_1' and 'attr_2'
2026-02-27 04:56:17.120 | ERROR    | serpentine.core.engine:_tick:193 | {'system': 'core'} | Error in system GUIDebugSystem: add_node_link() missing 2 required positional arguments: 'attr_1' and 'attr_2'
2026-02-27 04:56:17.150 | ERROR    | serpentine.core.engine:_tick:193 | {'system': 'core'} | Error in system GUIDebugSystem: add_node_link() missing 2 required positional arguments: 'attr_1' and 'attr_2'
2026-02-27 04:56:17.181 | ERROR    | serpentine.core.engine:_tick:193 | {'system': 'core'} | Error in system GUIDebugSystem: add_node_link() missing 2 required positional arguments: 'attr_1' and 'attr_2'
2026-02-27 04:56:17.212 | ERROR    | serpentine.core.engine:_tick:193 | {'system': 'core'} | Error in system GUIDebugSystem: add_node_link() missing 2 required positional arguments: 'attr_1' and 'attr_2'
2026-02-27 04:56:17.242 | ERROR    | serpentine.core.engine:_tick:193 | {'system': 'core'} | Error in system GUIDebugSystem: add_node_link() missing 2 required positional arguments: 'attr_1' and 'attr_2'
2026-02-27 04:56:17.273 | ERROR    | serpentine.core.engine:_tick:193 | {'system': 'core'} | Error in system GUIDebugSystem: add_node_link() missing 2 required positional arguments: 'attr_1' and 'attr_2'
2026-02-27 04:56:17.305 | ERROR    | serpentine.core.engine:_tick:193 | {'system': 'core'} | Error in system GUIDebugSystem: add_node_link() missing 2 required positional arguments: 'attr_1' and 'attr_2'
2026-02-27 04:56:17.336 | ERROR    | serpentine.core.engine:_tick:193 | {'system': 'core'} | Error in system GUIDebugSystem: add_node_link() missing 2 required positional arguments: 'attr_1' and 'attr_2'
2026-02-27 04:56:17.368 | ERROR    | serpentine.core.engine:_tick:193 | {'system': 'core'} | Error in system GUIDebugSystem: add_node_link() missing 2 required positional arguments: 'attr_1' and 'attr_2'
2026-02-27 04:56:17.399 | ERROR    | serpentine.core.engine:_tick:193 | {'system': 'core'} | Error in system GUIDebugSystem: add_node_link() missing 2 required positional arguments: 'attr_1' and 'attr_2'
2026-02-27 04:56:17.430 | ERROR    | serpentine.core.engine:_tick:193 | {'system': 'core'} | Error in system GUIDebugSystem: add_node_link() missing 2 required positional arguments: 'attr_1' and 'attr_2'
2026-02-27 04:56:17.461 | ERROR    | serpentine.core.engine:_tick:193 | {'system': 'core'} | Error in system GUIDebugSystem: add_node_link() missing 2 required positional arguments: 'attr_1' and 'attr_2'
2026-02-27 04:56:17.492 | ERROR    | serpentine.core.engine:_tick:193 | {'system': 'core'} | Error in system GUIDebugSystem: add_node_link() missing 2 required positional arguments: 'attr_1' and 'attr_2'
2026-02-27 04:56:17.523 | ERROR    | serpentine.core.engine:_tick:193 | {'system': 'core'} | Error in system GUIDebugSystem: add_node_link() missing 2 required positional arguments: 'attr_1' and 'attr_2'
2026-02-27 04:56:17.555 | ERROR    | serpentine.core.engine:_tick:193 | {'system': 'core'} | Error in system GUIDebugSystem: add_node_link() missing 2 required positional arguments: 'attr_1' and 'attr_2'
2026-02-27 04:56:17.586 | ERROR    | serpentine.core.engine:_tick:193 | {'system': 'core'} | Error in system GUIDebugSystem: add_node_link() missing 2 required positional arguments: 'attr_1' and 'attr_2'
2026-02-27 04:56:17.617 | ERROR    | serpentine.core.engine:_tick:193 | {'system': 'core'} | Error in system GUIDebugSystem: add_node_link() missing 2 required positional arguments: 'attr_1' and 'attr_2'
2026-02-27 04:56:17.648 | ERROR    | serpentine.core.engine:_tick:193 | {'system': 'core'} | Error in system GUIDebugSystem: add_node_link() missing 2 required positional arguments: 'attr_1' and 'attr_2'
2026-02-27 04:56:17.679 | ERROR    | serpentine.core.engine:_tick:193 | {'system': 'core'} | Error in system GUIDebugSystem: add_node_link() missing 2 required positional arguments: 'attr_1' and 'attr_2'
2026-02-27 04:56:17.709 | ERROR    | serpentine.core.engine:_tick:193 | {'system': 'core'} | Error in system GUIDebugSystem: add_node_link() missing 2 required positional arguments: 'attr_1' and 'attr_2'
2026-02-27 04:56:17.741 | ERROR    | serpentine.core.engine:_tick:193 | {'system': 'core'} | Error in system GUIDebugSystem: add_node_link() missing 2 required positional arguments: 'attr_1' and 'attr_2'
2026-02-27 04:56:17.773 | ERROR    | serpentine.core.engine:_tick:193 | {'system': 'core'} | Error in system GUIDebugSystem: add_node_link() missing 2 required positional arguments: 'attr_1' and 'attr_2'
2026-02-27 04:56:17.803 | ERROR    | serpentine.core.engine:_tick:193 | {'system': 'core'} | Error in system GUIDebugSystem: add_node_link() missing 2 required positional arguments: 'attr_1' and 'attr_2'
2026-02-27 04:56:17.835 | ERROR    | serpentine.core.engine:_tick:193 | {'system': 'core'} | Error in system GUIDebugSystem: add_node_link() missing 2 required positional arguments: 'attr_1' and 'attr_2'
2026-02-27 04:56:17.866 | ERROR    | serpentine.core.engine:_tick:193 | {'system': 'core'} | Error in system GUIDebugSystem: add_node_link() missing 2 required positional arguments: 'attr_1' and 'attr_2'
2026-02-27 04:56:17.897 | ERROR    | serpentine.core.engine:_tick:193 | {'system': 'core'} | Error in system GUIDebugSystem: add_node_link() missing 2 required positional arguments: 'attr_1' and 'attr_2'
2026-02-27 04:56:17.928 | ERROR    | serpentine.core.engine:_tick:193 | {'system': 'core'} | Error in system GUIDebugSystem: add_node_link() missing 2 required positional arguments: 'attr_1' and 'attr_2'
2026-02-27 04:56:17.958 | ERROR    | serpentine.core.engine:_tick:193 | {'system': 'core'} | Error in system GUIDebugSystem: add_node_link() missing 2 required positional arguments: 'attr_1' and 'attr_2'
2026-02-27 04:56:17.989 | ERROR    | serpentine.core.engine:_tick:193 | {'system': 'core'} | Error in system GUIDebugSystem: add_node_link() missing 2 required positional arguments: 'attr_1' and 'attr_2'
2026-02-27 04:56:18.020 | ERROR    | serpentine.core.engine:_tick:193 | {'system': 'core'} | Error in system GUIDebugSystem: add_node_link() missing 2 required positional arguments: 'attr_1' and 'attr_2'
2026-02-27 04:56:18.051 | ERROR    | serpentine.core.engine:_tick:193 | {'system': 'core'} | Error in system GUIDebugSystem: add_node_link() missing 2 required positional arguments: 'attr_1' and 'attr_2'
2026-02-27 04:56:18.082 | ERROR    | serpentine.core.engine:_tick:193 | {'system': 'core'} | Error in system GUIDebugSystem: add_node_link() missing 2 required positional arguments: 'attr_1' and 'attr_2'
2026-02-27 04:56:18.114 | ERROR    | serpentine.core.engine:_tick:193 | {'system': 'core'} | Error in system GUIDebugSystem: add_node_link() missing 2 required positional arguments: 'attr_1' and 'attr_2'
2026-02-27 04:56:18.143 | ERROR    | serpentine.core.engine:_tick:193 | {'system': 'core'} | Error in system GUIDebugSystem: add_node_link() missing 2 required positional arguments: 'attr_1' and 'attr_2'
2026-02-27 04:56:18.174 | ERROR    | serpentine.core.engine:_tick:193 | {'system': 'core'} | Error in system GUIDebugSystem: add_node_link() missing 2 required positional arguments: 'attr_1' and 'attr_2'
2026-02-27 04:56:18.205 | ERROR    | serpentine.core.engine:_tick:193 | {'system': 'core'} | Error in system GUIDebugSystem: add_node_link() missing 2 required positional arguments: 'attr_1' and 'attr_2'
2026-02-27 04:56:18.236 | ERROR    | serpentine.core.engine:_tick:193 | {'system': 'core'} | Error in system GUIDebugSystem: add_node_link() missing 2 required positional arguments: 'attr_1' and 'attr_2'
2026-02-27 04:56:18.266 | ERROR    | serpentine.core.engine:_tick:193 | {'system': 'core'} | Error in system GUIDebugSystem: add_node_link() missing 2 required positional arguments: 'attr_1' and 'attr_2'
2026-02-27 04:56:18.297 | ERROR    | serpentine.core.engine:_tick:193 | {'system': 'core'} | Error in system GUIDebugSystem: add_node_link() missing 2 required positional arguments: 'attr_1' and 'attr_2'
2026-02-27 04:56:18.328 | ERROR    | serpentine.core.engine:_tick:193 | {'system': 'core'} | Error in system GUIDebugSystem: add_node_link() missing 2 required positional arguments: 'attr_1' and 'attr_2'
2026-02-27 04:56:18.358 | ERROR    | serpentine.core.engine:_tick:193 | {'system': 'core'} | Error in system GUIDebugSystem: add_node_link() missing 2 required positional arguments: 'attr_1' and 'attr_2'
2026-02-27 04:56:18.389 | ERROR    | serpentine.core.engine:_tick:193 | {'system': 'core'} | Error in system GUIDebugSystem: add_node_link() missing 2 required positional arguments: 'attr_1' and 'attr_2'
2026-02-27 04:56:18.421 | ERROR    | serpentine.core.engine:_tick:193 | {'system': 'core'} | Error in system GUIDebugSystem: add_node_link() missing 2 required positional arguments: 'attr_1' and 'attr_2'
2026-02-27 04:56:18.453 | ERROR    | serpentine.core.engine:_tick:193 | {'system': 'core'} | Error in system GUIDebugSystem: add_node_link() missing 2 required positional arguments: 'attr_1' and 'attr_2'
2026-02-27 04:56:18.484 | ERROR    | serpentine.core.engine:_tick:193 | {'system': 'core'} | Error in system GUIDebugSystem: add_node_link() missing 2 required positional arguments: 'attr_1' and 'attr_2'
2026-02-27 04:56:18.515 | ERROR    | serpentine.core.engine:_tick:193 | {'system': 'core'} | Error in system GUIDebugSystem: add_node_link() missing 2 required positional arguments: 'attr_1' and 'attr_2'
2026-02-27 04:56:18.547 | ERROR    | serpentine.core.engine:_tick:193 | {'system': 'core'} | Error in system GUIDebugSystem: add_node_link() missing 2 required positional arguments: 'attr_1' and 'attr_2'
2026-02-27 04:56:18.578 | ERROR    | serpentine.core.engine:_tick:193 | {'system': 'core'} | Error in system GUIDebugSystem: add_node_link() missing 2 required positional arguments: 'attr_1' and 'attr_2'
2026-02-27 04:56:18.609 | ERROR    | serpentine.core.engine:_tick:193 | {'system': 'core'} | Error in system GUIDebugSystem: add_node_link() missing 2 required positional arguments: 'attr_1' and 'attr_2'
2026-02-27 04:56:18.641 | ERROR    | serpentine.core.engine:_tick:193 | {'system': 'core'} | Error in system GUIDebugSystem: add_node_link() missing 2 required positional arguments: 'attr_1' and 'attr_2'
2026-02-27 04:56:18.673 | ERROR    | serpentine.core.engine:_tick:193 | {'system': 'core'} | Error in system GUIDebugSystem: add_node_link() missing 2 required positional arguments: 'attr_1' and 'attr_2'
2026-02-27 04:56:18.703 | ERROR    | serpentine.core.engine:_tick:193 | {'system': 'core'} | Error in system GUIDebugSystem: add_node_link() missing 2 required positional arguments: 'attr_1' and 'attr_2'
2026-02-27 04:56:18.734 | ERROR    | serpentine.core.engine:_tick:193 | {'system': 'core'} | Error in system GUIDebugSystem: add_node_link() missing 2 required positional arguments: 'attr_1' and 'attr_2'
2026-02-27 04:56:18.764 | ERROR    | serpentine.core.engine:_tick:193 | {'system': 'core'} | Error in system GUIDebugSystem: add_node_link() missing 2 required positional arguments: 'attr_1' and 'attr_2'
2026-02-27 04:56:18.797 | ERROR    | serpentine.core.engine:_tick:193 | {'system': 'core'} | Error in system GUIDebugSystem: add_node_link() missing 2 required positional arguments: 'attr_1' and 'attr_2'
2026-02-27 04:56:18.827 | ERROR    | serpentine.core.engine:_tick:193 | {'system': 'core'} | Error in system GUIDebugSystem: add_node_link() missing 2 required positional arguments: 'attr_1' and 'attr_2'
2026-02-27 04:56:18.858 | ERROR    | serpentine.core.engine:_tick:193 | {'system': 'core'} | Error in system GUIDebugSystem: add_node_link() missing 2 required positional arguments: 'attr_1' and 'attr_2'
2026-02-27 04:56:18.889 | ERROR    | serpentine.core.engine:_tick:193 | {'system': 'core'} | Error in system GUIDebugSystem: add_node_link() missing 2 required positional arguments: 'attr_1' and 'attr_2'
2026-02-27 04:56:18.921 | ERROR    | serpentine.core.engine:_tick:193 | {'system': 'core'} | Error in system GUIDebugSystem: add_node_link() missing 2 required positional arguments: 'attr_1' and 'attr_2'
2026-02-27 04:56:18.953 | ERROR    | serpentine.core.engine:_tick:193 | {'system': 'core'} | Error in system GUIDebugSystem: add_node_link() missing 2 required positional arguments: 'attr_1' and 'attr_2'
2026-02-27 04:56:18.984 | ERROR    | serpentine.core.engine:_tick:193 | {'system': 'core'} | Error in system GUIDebugSystem: add_node_link() missing 2 required positional arguments: 'attr_1' and 'attr_2'
2026-02-27 04:56:19.014 | ERROR    | serpentine.core.engine:_tick:193 | {'system': 'core'} | Error in system GUIDebugSystem: add_node_link() missing 2 required positional arguments: 'attr_1' and 'attr_2'
2026-02-27 04:56:19.045 | ERROR    | serpentine.core.engine:_tick:193 | {'system': 'core'} | Error in system GUIDebugSystem: add_node_link() missing 2 required positional arguments: 'attr_1' and 'attr_2'
2026-02-27 04:56:19.075 | ERROR    | serpentine.core.engine:_tick:193 | {'system': 'core'} | Error in system GUIDebugSystem: add_node_link() missing 2 required positional arguments: 'attr_1' and 'attr_2'
2026-02-27 04:56:19.107 | ERROR    | serpentine.core.engine:_tick:193 | {'system': 'core'} | Error in system GUIDebugSystem: add_node_link() missing 2 required positional arguments: 'attr_1' and 'attr_2'
2026-02-27 04:56:19.137 | ERROR    | serpentine.core.engine:_tick:193 | {'system': 'core'} | Error in system GUIDebugSystem: add_node_link() missing 2 required positional arguments: 'attr_1' and 'attr_2'
2026-02-27 04:56:19.169 | ERROR    | serpentine.core.engine:_tick:193 | {'system': 'core'} | Error in system GUIDebugSystem: add_node_link() missing 2 required positional arguments: 'attr_1' and 'attr_2'
2026-02-27 04:56:19.200 | ERROR    | serpentine.core.engine:_tick:193 | {'system': 'core'} | Error in system GUIDebugSystem: add_node_link() missing 2 required positional arguments: 'attr_1' and 'attr_2'
2026-02-27 04:56:19.233 | ERROR    | serpentine.core.engine:_tick:193 | {'system': 'core'} | Error in system GUIDebugSystem: add_node_link() missing 2 required positional arguments: 'attr_1' and 'attr_2'
2026-02-27 04:56:19.261 | ERROR    | serpentine.core.engine:_tick:193 | {'system': 'core'} | Error in system GUIDebugSystem: add_node_link() missing 2 required positional arguments: 'attr_1' and 'attr_2'
2026-02-27 04:56:19.292 | ERROR    | serpentine.core.engine:_tick:193 | {'system': 'core'} | Error in system GUIDebugSystem: add_node_link() missing 2 required positional arguments: 'attr_1' and 'attr_2'
2026-02-27 04:56:19.324 | ERROR    | serpentine.core.engine:_tick:193 | {'system': 'core'} | Error in system GUIDebugSystem: add_node_link() missing 2 required positional arguments: 'attr_1' and 'attr_2'
2026-02-27 04:56:19.355 | ERROR    | serpentine.core.engine:_tick:193 | {'system': 'core'} | Error in system GUIDebugSystem: add_node_link() missing 2 required positional arguments: 'attr_1' and 'attr_2'
2026-02-27 04:56:19.386 | ERROR    | serpentine.core.engine:_tick:193 | {'system': 'core'} | Error in system GUIDebugSystem: add_node_link() missing 2 required positional arguments: 'attr_1' and 'attr_2'
2026-02-27 04:56:19.417 | ERROR    | serpentine.core.engine:_tick:193 | {'system': 'core'} | Error in system GUIDebugSystem: add_node_link() missing 2 required positional arguments: 'attr_1' and 'attr_2'
2026-02-27 04:56:19.448 | ERROR    | serpentine.core.engine:_tick:193 | {'system': 'core'} | Error in system GUIDebugSystem: add_node_link() missing 2 required positional arguments: 'attr_1' and 'attr_2'
2026-02-27 04:56:19.479 | ERROR    | serpentine.core.engine:_tick:193 | {'system': 'core'} | Error in system GUIDebugSystem: add_node_link() missing 2 required positional arguments: 'attr_1' and 'attr_2'
2026-02-27 04:56:19.509 | ERROR    | serpentine.core.engine:_tick:193 | {'system': 'core'} | Error in system GUIDebugSystem: add_node_link() missing 2 required positional arguments: 'attr_1' and 'attr_2'
2026-02-27 04:56:19.540 | ERROR    | serpentine.core.engine:_tick:193 | {'system': 'core'} | Error in system GUIDebugSystem: add_node_link() missing 2 required positional arguments: 'attr_1' and 'attr_2'
2026-02-27 04:56:19.572 | ERROR    | serpentine.core.engine:_tick:193 | {'system': 'core'} | Error in system GUIDebugSystem: add_node_link() missing 2 required positional arguments: 'attr_1' and 'attr_2'
2026-02-27 04:56:19.603 | ERROR    | serpentine.core.engine:_tick:193 | {'system': 'core'} | Error in system GUIDebugSystem: add_node_link() missing 2 required positional arguments: 'attr_1' and 'attr_2'
2026-02-27 04:56:19.635 | ERROR    | serpentine.core.engine:_tick:193 | {'system': 'core'} | Error in system GUIDebugSystem: add_node_link() missing 2 required positional arguments: 'attr_1' and 'attr_2'
2026-02-27 04:56:19.666 | ERROR    | serpentine.core.engine:_tick:193 | {'system': 'core'} | Error in system GUIDebugSystem: add_node_link() missing 2 required positional arguments: 'attr_1' and 'attr_2'
2026-02-27 04:56:19.698 | ERROR    | serpentine.core.engine:_tick:193 | {'system': 'core'} | Error in system GUIDebugSystem: add_node_link() missing 2 required positional arguments: 'attr_1' and 'attr_2'
2026-02-27 04:56:19.729 | ERROR    | serpentine.core.engine:_tick:193 | {'system': 'core'} | Error in system GUIDebugSystem: add_node_link() missing 2 required positional arguments: 'attr_1' and 'attr_2'
2026-02-27 04:56:19.761 | ERROR    | serpentine.core.engine:_tick:193 | {'system': 'core'} | Error in system GUIDebugSystem: add_node_link() missing 2 required positional arguments: 'attr_1' and 'attr_2'
2026-02-27 04:56:19.792 | ERROR    | serpentine.core.engine:_tick:193 | {'system': 'core'} | Error in system GUIDebugSystem: add_node_link() missing 2 required positional arguments: 'attr_1' and 'attr_2'
2026-02-27 04:56:19.824 | ERROR    | serpentine.core.engine:_tick:193 | {'system': 'core'} | Error in system GUIDebugSystem: add_node_link() missing 2 required positional arguments: 'attr_1' and 'attr_2'
2026-02-27 04:56:19.854 | ERROR    | serpentine.core.engine:_tick:193 | {'system': 'core'} | Error in system GUIDebugSystem: add_node_link() missing 2 required positional arguments: 'attr_1' and 'attr_2'
2026-02-27 04:56:19.886 | ERROR    | serpentine.core.engine:_tick:193 | {'system': 'core'} | Error in system GUIDebugSystem: add_node_link() missing 2 required positional arguments: 'attr_1' and 'attr_2'
2026-02-27 04:56:19.916 | ERROR    | serpentine.core.engine:_tick:193 | {'system': 'core'} | Error in system GUIDebugSystem: add_node_link() missing 2 required positional arguments: 'attr_1' and 'attr_2'
2026-02-27 04:56:19.948 | ERROR    | serpentine.core.engine:_tick:193 | {'system': 'core'} | Error in system GUIDebugSystem: add_node_link() missing 2 required positional arguments: 'attr_1' and 'attr_2'
2026-02-27 04:56:19.978 | ERROR    | serpentine.core.engine:_tick:193 | {'system': 'core'} | Error in system GUIDebugSystem: add_node_link() missing 2 required positional arguments: 'attr_1' and 'attr_2'
2026-02-27 04:56:20.009 | ERROR    | serpentine.core.engine:_tick:193 | {'system': 'core'} | Error in system GUIDebugSystem: add_node_link() missing 2 required positional arguments: 'attr_1' and 'attr_2'
2026-02-27 04:56:20.039 | ERROR    | serpentine.core.engine:_tick:193 | {'system': 'core'} | Error in system GUIDebugSystem: add_node_link() missing 2 required positional arguments: 'attr_1' and 'attr_2'
2026-02-27 04:56:20.071 | ERROR    | serpentine.core.engine:_tick:193 | {'system': 'core'} | Error in system GUIDebugSystem: add_node_link() missing 2 required positional arguments: 'attr_1' and 'attr_2'
2026-02-27 04:56:20.102 | ERROR    | serpentine.core.engine:_tick:193 | {'system': 'core'} | Error in system GUIDebugSystem: add_node_link() missing 2 required positional arguments: 'attr_1' and 'attr_2'
2026-02-27 04:56:20.132 | ERROR    | serpentine.core.engine:_tick:193 | {'system': 'core'} | Error in system GUIDebugSystem: add_node_link() missing 2 required positional arguments: 'attr_1' and 'attr_2'
2026-02-27 04:56:20.164 | ERROR    | serpentine.core.engine:_tick:193 | {'system': 'core'} | Error in system GUIDebugSystem: add_node_link() missing 2 required positional arguments: 'attr_1' and 'attr_2'
2026-02-27 04:56:20.194 | ERROR    | serpentine.core.engine:_tick:193 | {'system': 'core'} | Error in system GUIDebugSystem: add_node_link() missing 2 required positional arguments: 'attr_1' and 'attr_2'
2026-02-27 04:56:20.212 | ERROR    | serpentine.core.engine:_tick:193 | {'system': 'core'} | Error in system GUIDebugSystem: add_node_link() missing 2 required positional arguments: 'attr_1' and 'attr_2'
2026-02-27 04:56:20.242 | ERROR    | serpentine.core.engine:_tick:193 | {'system': 'core'} | Error in system GUIDebugSystem: add_node_link() missing 2 required positional arguments: 'attr_1' and 'attr_2'
2026-02-27 04:56:20.273 | ERROR    | serpentine.core.engine:_tick:193 | {'system': 'core'} | Error in system GUIDebugSystem: add_node_link() missing 2 required positional arguments: 'attr_1' and 'attr_2'
2026-02-27 04:56:20.303 | ERROR    | serpentine.core.engine:_tick:193 | {'system': 'core'} | Error in system GUIDebugSystem: add_node_link() missing 2 required positional arguments: 'attr_1' and 'attr_2'
2026-02-27 04:56:20.335 | ERROR    | serpentine.core.engine:_tick:193 | {'system': 'core'} | Error in system GUIDebugSystem: add_node_link() missing 2 required positional arguments: 'attr_1' and 'attr_2'
2026-02-27 04:56:20.366 | ERROR    | serpentine.core.engine:_tick:193 | {'system': 'core'} | Error in system GUIDebugSystem: add_node_link() missing 2 required positional arguments: 'attr_1' and 'attr_2'
2026-02-27 04:56:20.398 | ERROR    | serpentine.core.engine:_tick:193 | {'system': 'core'} | Error in system GUIDebugSystem: add_node_link() missing 2 required positional arguments: 'attr_1' and 'attr_2'
2026-02-27 04:56:20.429 | ERROR    | serpentine.core.engine:_tick:193 | {'system': 'core'} | Error in system GUIDebugSystem: add_node_link() missing 2 required positional arguments: 'attr_1' and 'attr_2'
2026-02-27 04:56:20.459 | ERROR    | serpentine.core.engine:_tick:193 | {'system': 'core'} | Error in system GUIDebugSystem: add_node_link() missing 2 required positional arguments: 'attr_1' and 'attr_2'
2026-02-27 04:56:20.490 | ERROR    | serpentine.core.engine:_tick:193 | {'system': 'core'} | Error in system GUIDebugSystem: add_node_link() missing 2 required positional arguments: 'attr_1' and 'attr_2'
2026-02-27 04:56:20.521 | ERROR    | serpentine.core.engine:_tick:193 | {'system': 'core'} | Error in system GUIDebugSystem: add_node_link() missing 2 required positional arguments: 'attr_1' and 'attr_2'
2026-02-27 04:56:20.552 | ERROR    | serpentine.core.engine:_tick:193 | {'system': 'core'} | Error in system GUIDebugSystem: add_node_link() missing 2 required positional arguments: 'attr_1' and 'attr_2'
2026-02-27 04:56:20.583 | ERROR    | serpentine.core.engine:_tick:193 | {'system': 'core'} | Error in system GUIDebugSystem: add_node_link() missing 2 required positional arguments: 'attr_1' and 'attr_2'
2026-02-27 04:56:20.614 | ERROR    | serpentine.core.engine:_tick:193 | {'system': 'core'} | Error in system GUIDebugSystem: add_node_link() missing 2 required positional arguments: 'attr_1' and 'attr_2'
2026-02-27 04:56:20.644 | ERROR    | serpentine.core.engine:_tick:193 | {'system': 'core'} | Error in system GUIDebugSystem: add_node_link() missing 2 required positional arguments: 'attr_1' and 'attr_2'
2026-02-27 04:56:20.676 | ERROR    | serpentine.core.engine:_tick:193 | {'system': 'core'} | Error in system GUIDebugSystem: add_node_link() missing 2 required positional arguments: 'attr_1' and 'attr_2'
2026-02-27 04:56:20.708 | ERROR    | serpentine.core.engine:_tick:193 | {'system': 'core'} | Error in system GUIDebugSystem: add_node_link() missing 2 required positional arguments: 'attr_1' and 'attr_2'
2026-02-27 04:56:20.738 | ERROR    | serpentine.core.engine:_tick:193 | {'system': 'core'} | Error in system GUIDebugSystem: add_node_link() missing 2 required positional arguments: 'attr_1' and 'attr_2'
2026-02-27 04:56:20.768 | ERROR    | serpentine.core.engine:_tick:193 | {'system': 'core'} | Error in system GUIDebugSystem: add_node_link() missing 2 required positional arguments: 'attr_1' and 'attr_2'
2026-02-27 04:56:20.800 | ERROR    | serpentine.core.engine:_tick:193 | {'system': 'core'} | Error in system GUIDebugSystem: add_node_link() missing 2 required positional arguments: 'attr_1' and 'attr_2'
2026-02-27 04:56:20.831 | ERROR    | serpentine.core.engine:_tick:193 | {'system': 'core'} | Error in system GUIDebugSystem: add_node_link() missing 2 required positional arguments: 'attr_1' and 'attr_2'
2026-02-27 04:56:20.862 | ERROR    | serpentine.core.engine:_tick:193 | {'system': 'core'} | Error in system GUIDebugSystem: add_node_link() missing 2 required positional arguments: 'attr_1' and 'attr_2'
2026-02-27 04:56:20.893 | ERROR    | serpentine.core.engine:_tick:193 | {'system': 'core'} | Error in system GUIDebugSystem: add_node_link() missing 2 required positional arguments: 'attr_1' and 'attr_2'
2026-02-27 04:56:20.925 | ERROR    | serpentine.core.engine:_tick:193 | {'system': 'core'} | Error in system GUIDebugSystem: add_node_link() missing 2 required positional arguments: 'attr_1' and 'attr_2'
2026-02-27 04:56:20.957 | ERROR    | serpentine.core.engine:_tick:193 | {'system': 'core'} | Error in system GUIDebugSystem: add_node_link() missing 2 required positional arguments: 'attr_1' and 'attr_2'
2026-02-27 04:56:20.988 | ERROR    | serpentine.core.engine:_tick:193 | {'system': 'core'} | Error in system GUIDebugSystem: add_node_link() missing 2 required positional arguments: 'attr_1' and 'attr_2'
2026-02-27 04:56:21.019 | ERROR    | serpentine.core.engine:_tick:193 | {'system': 'core'} | Error in system GUIDebugSystem: add_node_link() missing 2 required positional arguments: 'attr_1' and 'attr_2'
2026-02-27 04:56:21.050 | ERROR    | serpentine.core.engine:_tick:193 | {'system': 'core'} | Error in system GUIDebugSystem: add_node_link() missing 2 required positional arguments: 'attr_1' and 'attr_2'
2026-02-27 04:56:21.081 | ERROR    | serpentine.core.engine:_tick:193 | {'system': 'core'} | Error in system GUIDebugSystem: add_node_link() missing 2 required positional arguments: 'attr_1' and 'attr_2'
2026-02-27 04:56:21.113 | ERROR    | serpentine.core.engine:_tick:193 | {'system': 'core'} | Error in system GUIDebugSystem: add_node_link() missing 2 required positional arguments: 'attr_1' and 'attr_2'
2026-02-27 04:56:21.143 | ERROR    | serpentine.core.engine:_tick:193 | {'system': 'core'} | Error in system GUIDebugSystem: add_node_link() missing 2 required positional arguments: 'attr_1' and 'attr_2'
2026-02-27 04:56:21.175 | ERROR    | serpentine.core.engine:_tick:193 | {'system': 'core'} | Error in system GUIDebugSystem: add_node_link() missing 2 required positional arguments: 'attr_1' and 'attr_2'
2026-02-27 04:56:21.206 | ERROR    | serpentine.core.engine:_tick:193 | {'system': 'core'} | Error in system GUIDebugSystem: add_node_link() missing 2 required positional arguments: 'attr_1' and 'attr_2'
2026-02-27 04:56:21.237 | ERROR    | serpentine.core.engine:_tick:193 | {'system': 'core'} | Error in system GUIDebugSystem: add_node_link() missing 2 required positional arguments: 'attr_1' and 'attr_2'
2026-02-27 04:56:21.268 | ERROR    | serpentine.core.engine:_tick:193 | {'system': 'core'} | Error in system GUIDebugSystem: add_node_link() missing 2 required positional arguments: 'attr_1' and 'attr_2'
2026-02-27 04:56:21.300 | ERROR    | serpentine.core.engine:_tick:193 | {'system': 'core'} | Error in system GUIDebugSystem: add_node_link() missing 2 required positional arguments: 'attr_1' and 'attr_2'
2026-02-27 04:56:21.332 | ERROR    | serpentine.core.engine:_tick:193 | {'system': 'core'} | Error in system GUIDebugSystem: add_node_link() missing 2 required positional arguments: 'attr_1' and 'attr_2'
2026-02-27 04:56:21.364 | ERROR    | serpentine.core.engine:_tick:193 | {'system': 'core'} | Error in system GUIDebugSystem: add_node_link() missing 2 required positional arguments: 'attr_1' and 'attr_2'
2026-02-27 04:56:21.395 | ERROR    | serpentine.core.engine:_tick:193 | {'system': 'core'} | Error in system GUIDebugSystem: add_node_link() missing 2 required positional arguments: 'attr_1' and 'attr_2'
2026-02-27 04:56:21.426 | ERROR    | serpentine.core.engine:_tick:193 | {'system': 'core'} | Error in system GUIDebugSystem: add_node_link() missing 2 required positional arguments: 'attr_1' and 'attr_2'
2026-02-27 04:56:21.457 | ERROR    | serpentine.core.engine:_tick:193 | {'system': 'core'} | Error in system GUIDebugSystem: add_node_link() missing 2 required positional arguments: 'attr_1' and 'attr_2'
2026-02-27 04:56:21.489 | ERROR    | serpentine.core.engine:_tick:193 | {'system': 'core'} | Error in system GUIDebugSystem: add_node_link() missing 2 required positional arguments: 'attr_1' and 'attr_2'
2026-02-27 04:56:21.520 | ERROR    | serpentine.core.engine:_tick:193 | {'system': 'core'} | Error in system GUIDebugSystem: add_node_link() missing 2 required positional arguments: 'attr_1' and 'attr_2'
2026-02-27 04:56:21.551 | ERROR    | serpentine.core.engine:_tick:193 | {'system': 'core'} | Error in system GUIDebugSystem: add_node_link() missing 2 required positional arguments: 'attr_1' and 'attr_2'
2026-02-27 04:56:21.582 | ERROR    | serpentine.core.engine:_tick:193 | {'system': 'core'} | Error in system GUIDebugSystem: add_node_link() missing 2 required positional arguments: 'attr_1' and 'attr_2'
2026-02-27 04:56:21.613 | ERROR    | serpentine.core.engine:_tick:193 | {'system': 'core'} | Error in system GUIDebugSystem: add_node_link() missing 2 required positional arguments: 'attr_1' and 'attr_2'
2026-02-27 04:56:21.643 | ERROR    | serpentine.core.engine:_tick:193 | {'system': 'core'} | Error in system GUIDebugSystem: add_node_link() missing 2 required positional arguments: 'attr_1' and 'attr_2'
2026-02-27 04:56:21.675 | ERROR    | serpentine.core.engine:_tick:193 | {'system': 'core'} | Error in system GUIDebugSystem: add_node_link() missing 2 required positional arguments: 'attr_1' and 'attr_2'
2026-02-27 04:56:21.706 | ERROR    | serpentine.core.engine:_tick:193 | {'system': 'core'} | Error in system GUIDebugSystem: add_node_link() missing 2 required positional arguments: 'attr_1' and 'attr_2'
2026-02-27 04:56:21.738 | ERROR    | serpentine.core.engine:_tick:193 | {'system': 'core'} | Error in system GUIDebugSystem: add_node_link() missing 2 required positional arguments: 'attr_1' and 'attr_2'
2026-02-27 04:56:21.769 | ERROR    | serpentine.core.engine:_tick:193 | {'system': 'core'} | Error in system GUIDebugSystem: add_node_link() missing 2 required positional arguments: 'attr_1' and 'attr_2'
2026-02-27 04:56:21.800 | ERROR    | serpentine.core.engine:_tick:193 | {'system': 'core'} | Error in system GUIDebugSystem: add_node_link() missing 2 required positional arguments: 'attr_1' and 'attr_2'
2026-02-27 04:56:21.830 | ERROR    | serpentine.core.engine:_tick:193 | {'system': 'core'} | Error in system GUIDebugSystem: add_node_link() missing 2 required positional arguments: 'attr_1' and 'attr_2'
2026-02-27 04:56:21.862 | ERROR    | serpentine.core.engine:_tick:193 | {'system': 'core'} | Error in system GUIDebugSystem: add_node_link() missing 2 required positional arguments: 'attr_1' and 'attr_2'
2026-02-27 04:56:21.892 | ERROR    | serpentine.core.engine:_tick:193 | {'system': 'core'} | Error in system GUIDebugSystem: add_node_link() missing 2 required positional arguments: 'attr_1' and 'attr_2'
2026-02-27 04:56:21.924 | ERROR    | serpentine.core.engine:_tick:193 | {'system': 'core'} | Error in system GUIDebugSystem: add_node_link() missing 2 required positional arguments: 'attr_1' and 'attr_2'
2026-02-27 04:56:21.954 | ERROR    | serpentine.core.engine:_tick:193 | {'system': 'core'} | Error in system GUIDebugSystem: add_node_link() missing 2 required positional arguments: 'attr_1' and 'attr_2'
2026-02-27 04:56:21.985 | ERROR    | serpentine.core.engine:_tick:193 | {'system': 'core'} | Error in system GUIDebugSystem: add_node_link() missing 2 required positional arguments: 'attr_1' and 'attr_2'
2026-02-27 04:56:22.016 | ERROR    | serpentine.core.engine:_tick:193 | {'system': 'core'} | Error in system GUIDebugSystem: add_node_link() missing 2 required positional arguments: 'attr_1' and 'attr_2'
2026-02-27 04:56:22.048 | ERROR    | serpentine.core.engine:_tick:193 | {'system': 'core'} | Error in system GUIDebugSystem: add_node_link() missing 2 required positional arguments: 'attr_1' and 'attr_2'
2026-02-27 04:56:22.079 | ERROR    | serpentine.core.engine:_tick:193 | {'system': 'core'} | Error in system GUIDebugSystem: add_node_link() missing 2 required positional arguments: 'attr_1' and 'attr_2'
2026-02-27 04:56:22.110 | ERROR    | serpentine.core.engine:_tick:193 | {'system': 'core'} | Error in system GUIDebugSystem: add_node_link() missing 2 required positional arguments: 'attr_1' and 'attr_2'
2026-02-27 04:56:22.141 | ERROR    | serpentine.core.engine:_tick:193 | {'system': 'core'} | Error in system GUIDebugSystem: add_node_link() missing 2 required positional arguments: 'attr_1' and 'attr_2'
2026-02-27 04:56:22.173 | ERROR    | serpentine.core.engine:_tick:193 | {'system': 'core'} | Error in system GUIDebugSystem: add_node_link() missing 2 required positional arguments: 'attr_1' and 'attr_2'
2026-02-27 04:56:22.204 | ERROR    | serpentine.core.engine:_tick:193 | {'system': 'core'} | Error in system GUIDebugSystem: add_node_link() missing 2 required positional arguments: 'attr_1' and 'attr_2'
2026-02-27 04:56:22.236 | ERROR    | serpentine.core.engine:_tick:193 | {'system': 'core'} | Error in system GUIDebugSystem: add_node_link() missing 2 required positional arguments: 'attr_1' and 'attr_2'
2026-02-27 04:56:22.266 | ERROR    | serpentine.core.engine:_tick:193 | {'system': 'core'} | Error in system GUIDebugSystem: add_node_link() missing 2 required positional arguments: 'attr_1' and 'attr_2'
2026-02-27 04:56:22.298 | ERROR    | serpentine.core.engine:_tick:193 | {'system': 'core'} | Error in system GUIDebugSystem: add_node_link() missing 2 required positional arguments: 'attr_1' and 'attr_2'
2026-02-27 04:56:22.329 | ERROR    | serpentine.core.engine:_tick:193 | {'system': 'core'} | Error in system GUIDebugSystem: add_node_link() missing 2 required positional arguments: 'attr_1' and 'attr_2'
2026-02-27 04:56:22.361 | ERROR    | serpentine.core.engine:_tick:193 | {'system': 'core'} | Error in system GUIDebugSystem: add_node_link() missing 2 required positional arguments: 'attr_1' and 'attr_2'
2026-02-27 04:56:22.392 | ERROR    | serpentine.core.engine:_tick:193 | {'system': 'core'} | Error in system GUIDebugSystem: add_node_link() missing 2 required positional arguments: 'attr_1' and 'attr_2'
2026-02-27 04:56:22.423 | ERROR    | serpentine.core.engine:_tick:193 | {'system': 'core'} | Error in system GUIDebugSystem: add_node_link() missing 2 required positional arguments: 'attr_1' and 'attr_2'
2026-02-27 04:56:22.454 | ERROR    | serpentine.core.engine:_tick:193 | {'system': 'core'} | Error in system GUIDebugSystem: add_node_link() missing 2 required positional arguments: 'attr_1' and 'attr_2'
2026-02-27 04:56:22.485 | ERROR    | serpentine.core.engine:_tick:193 | {'system': 'core'} | Error in system GUIDebugSystem: add_node_link() missing 2 required positional arguments: 'attr_1' and 'attr_2'
2026-02-27 04:56:22.515 | ERROR    | serpentine.core.engine:_tick:193 | {'system': 'core'} | Error in system GUIDebugSystem: add_node_link() missing 2 required positional arguments: 'attr_1' and 'attr_2'
2026-02-27 04:56:22.548 | ERROR    | serpentine.core.engine:_tick:193 | {'system': 'core'} | Error in system GUIDebugSystem: add_node_link() missing 2 required positional arguments: 'attr_1' and 'attr_2'
2026-02-27 04:56:22.578 | ERROR    | serpentine.core.engine:_tick:193 | {'system': 'core'} | Error in system GUIDebugSystem: add_node_link() missing 2 required positional arguments: 'attr_1' and 'attr_2'
2026-02-27 04:56:22.609 | ERROR    | serpentine.core.engine:_tick:193 | {'system': 'core'} | Error in system GUIDebugSystem: add_node_link() missing 2 required positional arguments: 'attr_1' and 'attr_2'
2026-02-27 04:56:22.641 | ERROR    | serpentine.core.engine:_tick:193 | {'system': 'core'} | Error in system GUIDebugSystem: add_node_link() missing 2 required positional arguments: 'attr_1' and 'attr_2'
2026-02-27 04:56:22.672 | ERROR    | serpentine.core.engine:_tick:193 | {'system': 'core'} | Error in system GUIDebugSystem: add_node_link() missing 2 required positional arguments: 'attr_1' and 'attr_2'
2026-02-27 04:56:22.704 | ERROR    | serpentine.core.engine:_tick:193 | {'system': 'core'} | Error in system GUIDebugSystem: add_node_link() missing 2 required positional arguments: 'attr_1' and 'attr_2'
2026-02-27 04:56:22.734 | ERROR    | serpentine.core.engine:_tick:193 | {'system': 'core'} | Error in system GUIDebugSystem: add_node_link() missing 2 required positional arguments: 'attr_1' and 'attr_2'
2026-02-27 04:56:22.766 | ERROR    | serpentine.core.engine:_tick:193 | {'system': 'core'} | Error in system GUIDebugSystem: add_node_link() missing 2 required positional arguments: 'attr_1' and 'attr_2'
2026-02-27 04:56:22.798 | ERROR    | serpentine.core.engine:_tick:193 | {'system': 'core'} | Error in system GUIDebugSystem: add_node_link() missing 2 required positional arguments: 'attr_1' and 'attr_2'
2026-02-27 04:56:22.828 | ERROR    | serpentine.core.engine:_tick:193 | {'system': 'core'} | Error in system GUIDebugSystem: add_node_link() missing 2 required positional arguments: 'attr_1' and 'attr_2'
2026-02-27 04:56:22.859 | ERROR    | serpentine.core.engine:_tick:193 | {'system': 'core'} | Error in system GUIDebugSystem: add_node_link() missing 2 required positional arguments: 'attr_1' and 'attr_2'
2026-02-27 04:56:22.891 | ERROR    | serpentine.core.engine:_tick:193 | {'system': 'core'} | Error in system GUIDebugSystem: add_node_link() missing 2 required positional arguments: 'attr_1' and 'attr_2'
2026-02-27 04:56:22.923 | ERROR    | serpentine.core.engine:_tick:193 | {'system': 'core'} | Error in system GUIDebugSystem: add_node_link() missing 2 required positional arguments: 'attr_1' and 'attr_2'
2026-02-27 04:56:22.953 | ERROR    | serpentine.core.engine:_tick:193 | {'system': 'core'} | Error in system GUIDebugSystem: add_node_link() missing 2 required positional arguments: 'attr_1' and 'attr_2'
2026-02-27 04:56:22.985 | ERROR    | serpentine.core.engine:_tick:193 | {'system': 'core'} | Error in system GUIDebugSystem: add_node_link() missing 2 required positional arguments: 'attr_1' and 'attr_2'
2026-02-27 04:56:23.016 | ERROR    | serpentine.core.engine:_tick:193 | {'system': 'core'} | Error in system GUIDebugSystem: add_node_link() missing 2 required positional arguments: 'attr_1' and 'attr_2'
2026-02-27 04:56:23.048 | ERROR    | serpentine.core.engine:_tick:193 | {'system': 'core'} | Error in system GUIDebugSystem: add_node_link() missing 2 required positional arguments: 'attr_1' and 'attr_2'
2026-02-27 04:56:23.078 | ERROR    | serpentine.core.engine:_tick:193 | {'system': 'core'} | Error in system GUIDebugSystem: add_node_link() missing 2 required positional arguments: 'attr_1' and 'attr_2'
2026-02-27 04:56:23.109 | ERROR    | serpentine.core.engine:_tick:193 | {'system': 'core'} | Error in system GUIDebugSystem: add_node_link() missing 2 required positional arguments: 'attr_1' and 'attr_2'
2026-02-27 04:56:23.141 | ERROR    | serpentine.core.engine:_tick:193 | {'system': 'core'} | Error in system GUIDebugSystem: add_node_link() missing 2 required positional arguments: 'attr_1' and 'attr_2'
2026-02-27 04:56:23.172 | ERROR    | serpentine.core.engine:_tick:193 | {'system': 'core'} | Error in system GUIDebugSystem: add_node_link() missing 2 required positional arguments: 'attr_1' and 'attr_2'
2026-02-27 04:56:23.204 | ERROR    | serpentine.core.engine:_tick:193 | {'system': 'core'} | Error in system GUIDebugSystem: add_node_link() missing 2 required positional arguments: 'attr_1' and 'attr_2'
2026-02-27 04:56:23.235 | ERROR    | serpentine.core.engine:_tick:193 | {'system': 'core'} | Error in system GUIDebugSystem: add_node_link() missing 2 required positional arguments: 'attr_1' and 'attr_2'
2026-02-27 04:56:23.266 | ERROR    | serpentine.core.engine:_tick:193 | {'system': 'core'} | Error in system GUIDebugSystem: add_node_link() missing 2 required positional arguments: 'attr_1' and 'attr_2'
2026-02-27 04:56:23.298 | ERROR    | serpentine.core.engine:_tick:193 | {'system': 'core'} | Error in system GUIDebugSystem: add_node_link() missing 2 required positional arguments: 'attr_1' and 'attr_2'
2026-02-27 04:56:23.328 | ERROR    | serpentine.core.engine:_tick:193 | {'system': 'core'} | Error in system GUIDebugSystem: add_node_link() missing 2 required positional arguments: 'attr_1' and 'attr_2'
2026-02-27 04:56:23.359 | ERROR    | serpentine.core.engine:_tick:193 | {'system': 'core'} | Error in system GUIDebugSystem: add_node_link() missing 2 required positional arguments: 'attr_1' and 'attr_2'
2026-02-27 04:56:23.389 | ERROR    | serpentine.core.engine:_tick:193 | {'system': 'core'} | Error in system GUIDebugSystem: add_node_link() missing 2 required positional arguments: 'attr_1' and 'attr_2'
2026-02-27 04:56:23.421 | ERROR    | serpentine.core.engine:_tick:193 | {'system': 'core'} | Error in system GUIDebugSystem: add_node_link() missing 2 required positional arguments: 'attr_1' and 'attr_2'
2026-02-27 04:56:23.452 | ERROR    | serpentine.core.engine:_tick:193 | {'system': 'core'} | Error in system GUIDebugSystem: add_node_link() missing 2 required positional arguments: 'attr_1' and 'attr_2'
2026-02-27 04:56:23.483 | ERROR    | serpentine.core.engine:_tick:193 | {'system': 'core'} | Error in system GUIDebugSystem: add_node_link() missing 2 required positional arguments: 'attr_1' and 'attr_2'
2026-02-27 04:56:23.514 | ERROR    | serpentine.core.engine:_tick:193 | {'system': 'core'} | Error in system GUIDebugSystem: add_node_link() missing 2 required positional arguments: 'attr_1' and 'attr_2'
2026-02-27 04:56:23.544 | ERROR    | serpentine.core.engine:_tick:193 | {'system': 'core'} | Error in system GUIDebugSystem: add_node_link() missing 2 required positional arguments: 'attr_1' and 'attr_2'
2026-02-27 04:56:23.576 | ERROR    | serpentine.core.engine:_tick:193 | {'system': 'core'} | Error in system GUIDebugSystem: add_node_link() missing 2 required positional arguments: 'attr_1' and 'attr_2'
2026-02-27 04:56:23.607 | ERROR    | serpentine.core.engine:_tick:193 | {'system': 'core'} | Error in system GUIDebugSystem: add_node_link() missing 2 required positional arguments: 'attr_1' and 'attr_2'
2026-02-27 04:56:23.638 | ERROR    | serpentine.core.engine:_tick:193 | {'system': 'core'} | Error in system GUIDebugSystem: add_node_link() missing 2 required positional arguments: 'attr_1' and 'attr_2'
2026-02-27 04:56:23.670 | ERROR    | serpentine.core.engine:_tick:193 | {'system': 'core'} | Error in system GUIDebugSystem: add_node_link() missing 2 required positional arguments: 'attr_1' and 'attr_2'
2026-02-27 04:56:23.701 | ERROR    | serpentine.core.engine:_tick:193 | {'system': 'core'} | Error in system GUIDebugSystem: add_node_link() missing 2 required positional arguments: 'attr_1' and 'attr_2'
2026-02-27 04:56:23.733 | ERROR    | serpentine.core.engine:_tick:193 | {'system': 'core'} | Error in system GUIDebugSystem: add_node_link() missing 2 required positional arguments: 'attr_1' and 'attr_2'
2026-02-27 04:56:23.763 | ERROR    | serpentine.core.engine:_tick:193 | {'system': 'core'} | Error in system GUIDebugSystem: add_node_link() missing 2 required positional arguments: 'attr_1' and 'attr_2'
2026-02-27 04:56:23.793 | ERROR    | serpentine.core.engine:_tick:193 | {'system': 'core'} | Error in system GUIDebugSystem: add_node_link() missing 2 required positional arguments: 'attr_1' and 'attr_2'
2026-02-27 04:56:23.824 | ERROR    | serpentine.core.engine:_tick:193 | {'system': 'core'} | Error in system GUIDebugSystem: add_node_link() missing 2 required positional arguments: 'attr_1' and 'attr_2'
2026-02-27 04:56:23.857 | ERROR    | serpentine.core.engine:_tick:193 | {'system': 'core'} | Error in system GUIDebugSystem: add_node_link() missing 2 required positional arguments: 'attr_1' and 'attr_2'
2026-02-27 04:56:23.888 | ERROR    | serpentine.core.engine:_tick:193 | {'system': 'core'} | Error in system GUIDebugSystem: add_node_link() missing 2 required positional arguments: 'attr_1' and 'attr_2'
2026-02-27 04:56:23.920 | ERROR    | serpentine.core.engine:_tick:193 | {'system': 'core'} | Error in system GUIDebugSystem: add_node_link() missing 2 required positional arguments: 'attr_1' and 'attr_2'
2026-02-27 04:56:23.950 | ERROR    | serpentine.core.engine:_tick:193 | {'system': 'core'} | Error in system GUIDebugSystem: add_node_link() missing 2 required positional arguments: 'attr_1' and 'attr_2'
2026-02-27 04:56:23.980 | ERROR    | serpentine.core.engine:_tick:193 | {'system': 'core'} | Error in system GUIDebugSystem: add_node_link() missing 2 required positional arguments: 'attr_1' and 'attr_2'
2026-02-27 04:56:24.011 | ERROR    | serpentine.core.engine:_tick:193 | {'system': 'core'} | Error in system GUIDebugSystem: add_node_link() missing 2 required positional arguments: 'attr_1' and 'attr_2'
2026-02-27 04:56:24.042 | ERROR    | serpentine.core.engine:_tick:193 | {'system': 'core'} | Error in system GUIDebugSystem: add_node_link() missing 2 required positional arguments: 'attr_1' and 'attr_2'
2026-02-27 04:56:24.074 | ERROR    | serpentine.core.engine:_tick:193 | {'system': 'core'} | Error in system GUIDebugSystem: add_node_link() missing 2 required positional arguments: 'attr_1' and 'attr_2'
2026-02-27 04:56:24.106 | ERROR    | serpentine.core.engine:_tick:193 | {'system': 'core'} | Error in system GUIDebugSystem: add_node_link() missing 2 required positional arguments: 'attr_1' and 'attr_2'
2026-02-27 04:56:24.137 | ERROR    | serpentine.core.engine:_tick:193 | {'system': 'core'} | Error in system GUIDebugSystem: add_node_link() missing 2 required positional arguments: 'attr_1' and 'attr_2'
2026-02-27 04:56:24.169 | ERROR    | serpentine.core.engine:_tick:193 | {'system': 'core'} | Error in system GUIDebugSystem: add_node_link() missing 2 required positional arguments: 'attr_1' and 'attr_2'
2026-02-27 04:56:24.199 | ERROR    | serpentine.core.engine:_tick:193 | {'system': 'core'} | Error in system GUIDebugSystem: add_node_link() missing 2 required positional arguments: 'attr_1' and 'attr_2'
2026-02-27 04:56:24.230 | ERROR    | serpentine.core.engine:_tick:193 | {'system': 'core'} | Error in system GUIDebugSystem: add_node_link() missing 2 required positional arguments: 'attr_1' and 'attr_2'
2026-02-27 04:56:24.262 | ERROR    | serpentine.core.engine:_tick:193 | {'system': 'core'} | Error in system GUIDebugSystem: add_node_link() missing 2 required positional arguments: 'attr_1' and 'attr_2'
2026-02-27 04:56:24.297 | ERROR    | serpentine.core.engine:_tick:193 | {'system': 'core'} | Error in system GUIDebugSystem: add_node_link() missing 2 required positional arguments: 'attr_1' and 'attr_2'
2026-02-27 04:56:24.325 | ERROR    | serpentine.core.engine:_tick:193 | {'system': 'core'} | Error in system GUIDebugSystem: add_node_link() missing 2 required positional arguments: 'attr_1' and 'attr_2'
2026-02-27 04:56:24.354 | ERROR    | serpentine.core.engine:_tick:193 | {'system': 'core'} | Error in system GUIDebugSystem: add_node_link() missing 2 required positional arguments: 'attr_1' and 'attr_2'
2026-02-27 04:56:24.385 | ERROR    | serpentine.core.engine:_tick:193 | {'system': 'core'} | Error in system GUIDebugSystem: add_node_link() missing 2 required positional arguments: 'attr_1' and 'attr_2'
2026-02-27 04:56:24.417 | ERROR    | serpentine.core.engine:_tick:193 | {'system': 'core'} | Error in system GUIDebugSystem: add_node_link() missing 2 required positional arguments: 'attr_1' and 'attr_2'
2026-02-27 04:56:24.450 | ERROR    | serpentine.core.engine:_tick:193 | {'system': 'core'} | Error in system GUIDebugSystem: add_node_link() missing 2 required positional arguments: 'attr_1' and 'attr_2'
2026-02-27 04:56:24.481 | ERROR    | serpentine.core.engine:_tick:193 | {'system': 'core'} | Error in system GUIDebugSystem: add_node_link() missing 2 required positional arguments: 'attr_1' and 'attr_2'
2026-02-27 04:56:24.511 | ERROR    | serpentine.core.engine:_tick:193 | {'system': 'core'} | Error in system GUIDebugSystem: add_node_link() missing 2 required positional arguments: 'attr_1' and 'attr_2'
2026-02-27 04:56:24.543 | ERROR    | serpentine.core.engine:_tick:193 | {'system': 'core'} | Error in system GUIDebugSystem: add_node_link() missing 2 required positional arguments: 'attr_1' and 'attr_2'
2026-02-27 04:56:24.574 | ERROR    | serpentine.core.engine:_tick:193 | {'system': 'core'} | Error in system GUIDebugSystem: add_node_link() missing 2 required positional arguments: 'attr_1' and 'attr_2'
2026-02-27 04:56:24.606 | ERROR    | serpentine.core.engine:_tick:193 | {'system': 'core'} | Error in system GUIDebugSystem: add_node_link() missing 2 required positional arguments: 'attr_1' and 'attr_2'
2026-02-27 04:56:24.638 | ERROR    | serpentine.core.engine:_tick:193 | {'system': 'core'} | Error in system GUIDebugSystem: add_node_link() missing 2 required positional arguments: 'attr_1' and 'attr_2'
2026-02-27 04:56:24.669 | ERROR    | serpentine.core.engine:_tick:193 | {'system': 'core'} | Error in system GUIDebugSystem: add_node_link() missing 2 required positional arguments: 'attr_1' and 'attr_2'
2026-02-27 04:56:24.701 | ERROR    | serpentine.core.engine:_tick:193 | {'system': 'core'} | Error in system GUIDebugSystem: add_node_link() missing 2 required positional arguments: 'attr_1' and 'attr_2'
2026-02-27 04:56:24.732 | ERROR    | serpentine.core.engine:_tick:193 | {'system': 'core'} | Error in system GUIDebugSystem: add_node_link() missing 2 required positional arguments: 'attr_1' and 'attr_2'
2026-02-27 04:56:24.763 | ERROR    | serpentine.core.engine:_tick:193 | {'system': 'core'} | Error in system GUIDebugSystem: add_node_link() missing 2 required positional arguments: 'attr_1' and 'attr_2'
2026-02-27 04:56:24.794 | ERROR    | serpentine.core.engine:_tick:193 | {'system': 'core'} | Error in system GUIDebugSystem: add_node_link() missing 2 required positional arguments: 'attr_1' and 'attr_2'
2026-02-27 04:56:24.825 | ERROR    | serpentine.core.engine:_tick:193 | {'system': 'core'} | Error in system GUIDebugSystem: add_node_link() missing 2 required positional arguments: 'attr_1' and 'attr_2'
2026-02-27 04:56:24.856 | ERROR    | serpentine.core.engine:_tick:193 | {'system': 'core'} | Error in system GUIDebugSystem: add_node_link() missing 2 required positional arguments: 'attr_1' and 'attr_2'
2026-02-27 04:56:24.886 | ERROR    | serpentine.core.engine:_tick:193 | {'system': 'core'} | Error in system GUIDebugSystem: add_node_link() missing 2 required positional arguments: 'attr_1' and 'attr_2'
2026-02-27 04:56:24.917 | ERROR    | serpentine.core.engine:_tick:193 | {'system': 'core'} | Error in system GUIDebugSystem: add_node_link() missing 2 required positional arguments: 'attr_1' and 'attr_2'
2026-02-27 04:56:24.948 | ERROR    | serpentine.core.engine:_tick:193 | {'system': 'core'} | Error in system GUIDebugSystem: add_node_link() missing 2 required positional arguments: 'attr_1' and 'attr_2'
2026-02-27 04:56:24.979 | ERROR    | serpentine.core.engine:_tick:193 | {'system': 'core'} | Error in system GUIDebugSystem: add_node_link() missing 2 required positional arguments: 'attr_1' and 'attr_2'
2026-02-27 04:56:25.011 | ERROR    | serpentine.core.engine:_tick:193 | {'system': 'core'} | Error in system GUIDebugSystem: add_node_link() missing 2 required positional arguments: 'attr_1' and 'attr_2'
2026-02-27 04:56:25.041 | ERROR    | serpentine.core.engine:_tick:193 | {'system': 'core'} | Error in system GUIDebugSystem: add_node_link() missing 2 required positional arguments: 'attr_1' and 'attr_2'
2026-02-27 04:56:25.073 | ERROR    | serpentine.core.engine:_tick:193 | {'system': 'core'} | Error in system GUIDebugSystem: add_node_link() missing 2 required positional arguments: 'attr_1' and 'attr_2'
2026-02-27 04:56:25.104 | ERROR    | serpentine.core.engine:_tick:193 | {'system': 'core'} | Error in system GUIDebugSystem: add_node_link() missing 2 required positional arguments: 'attr_1' and 'attr_2'
2026-02-27 04:56:25.134 | ERROR    | serpentine.core.engine:_tick:193 | {'system': 'core'} | Error in system GUIDebugSystem: add_node_link() missing 2 required positional arguments: 'attr_1' and 'attr_2'
2026-02-27 04:56:25.166 | ERROR    | serpentine.core.engine:_tick:193 | {'system': 'core'} | Error in system GUIDebugSystem: add_node_link() missing 2 required positional arguments: 'attr_1' and 'attr_2'
2026-02-27 04:56:25.197 | ERROR    | serpentine.core.engine:_tick:193 | {'system': 'core'} | Error in system GUIDebugSystem: add_node_link() missing 2 required positional arguments: 'attr_1' and 'attr_2'
2026-02-27 04:56:25.229 | ERROR    | serpentine.core.engine:_tick:193 | {'system': 'core'} | Error in system GUIDebugSystem: add_node_link() missing 2 required positional arguments: 'attr_1' and 'attr_2'
2026-02-27 04:56:25.259 | ERROR    | serpentine.core.engine:_tick:193 | {'system': 'core'} | Error in system GUIDebugSystem: add_node_link() missing 2 required positional arguments: 'attr_1' and 'attr_2'
2026-02-27 04:56:25.291 | ERROR    | serpentine.core.engine:_tick:193 | {'system': 'core'} | Error in system GUIDebugSystem: add_node_link() missing 2 required positional arguments: 'attr_1' and 'attr_2'
2026-02-27 04:56:25.322 | ERROR    | serpentine.core.engine:_tick:193 | {'system': 'core'} | Error in system GUIDebugSystem: add_node_link() missing 2 required positional arguments: 'attr_1' and 'attr_2'
2026-02-27 04:56:25.352 | ERROR    | serpentine.core.engine:_tick:193 | {'system': 'core'} | Error in system GUIDebugSystem: add_node_link() missing 2 required positional arguments: 'attr_1' and 'attr_2'
2026-02-27 04:56:25.384 | ERROR    | serpentine.core.engine:_tick:193 | {'system': 'core'} | Error in system GUIDebugSystem: add_node_link() missing 2 required positional arguments: 'attr_1' and 'attr_2'
2026-02-27 04:56:25.415 | ERROR    | serpentine.core.engine:_tick:193 | {'system': 'core'} | Error in system GUIDebugSystem: add_node_link() missing 2 required positional arguments: 'attr_1' and 'attr_2'
2026-02-27 04:56:25.445 | ERROR    | serpentine.core.engine:_tick:193 | {'system': 'core'} | Error in system GUIDebugSystem: add_node_link() missing 2 required positional arguments: 'attr_1' and 'attr_2'
2026-02-27 04:56:25.476 | ERROR    | serpentine.core.engine:_tick:193 | {'system': 'core'} | Error in system GUIDebugSystem: add_node_link() missing 2 required positional arguments: 'attr_1' and 'attr_2'
2026-02-27 04:56:25.507 | ERROR    | serpentine.core.engine:_tick:193 | {'system': 'core'} | Error in system GUIDebugSystem: add_node_link() missing 2 required positional arguments: 'attr_1' and 'attr_2'
2026-02-27 04:56:25.539 | ERROR    | serpentine.core.engine:_tick:193 | {'system': 'core'} | Error in system GUIDebugSystem: add_node_link() missing 2 required positional arguments: 'attr_1' and 'attr_2'
2026-02-27 04:56:25.570 | ERROR    | serpentine.core.engine:_tick:193 | {'system': 'core'} | Error in system GUIDebugSystem: add_node_link() missing 2 required positional arguments: 'attr_1' and 'attr_2'
2026-02-27 04:56:25.601 | ERROR    | serpentine.core.engine:_tick:193 | {'system': 'core'} | Error in system GUIDebugSystem: add_node_link() missing 2 required positional arguments: 'attr_1' and 'attr_2'
2026-02-27 04:56:25.632 | ERROR    | serpentine.core.engine:_tick:193 | {'system': 'core'} | Error in system GUIDebugSystem: add_node_link() missing 2 required positional arguments: 'attr_1' and 'attr_2'
2026-02-27 04:56:25.662 | ERROR    | serpentine.core.engine:_tick:193 | {'system': 'core'} | Error in system GUIDebugSystem: add_node_link() missing 2 required positional arguments: 'attr_1' and 'attr_2'
2026-02-27 04:56:25.693 | ERROR    | serpentine.core.engine:_tick:193 | {'system': 'core'} | Error in system GUIDebugSystem: add_node_link() missing 2 required positional arguments: 'attr_1' and 'attr_2'
2026-02-27 04:56:25.725 | ERROR    | serpentine.core.engine:_tick:193 | {'system': 'core'} | Error in system GUIDebugSystem: add_node_link() missing 2 required positional arguments: 'attr_1' and 'attr_2'
2026-02-27 04:56:25.756 | ERROR    | serpentine.core.engine:_tick:193 | {'system': 'core'} | Error in system GUIDebugSystem: add_node_link() missing 2 required positional arguments: 'attr_1' and 'attr_2'
2026-02-27 04:56:25.787 | ERROR    | serpentine.core.engine:_tick:193 | {'system': 'core'} | Error in system GUIDebugSystem: add_node_link() missing 2 required positional arguments: 'attr_1' and 'attr_2'
2026-02-27 04:56:25.818 | ERROR    | serpentine.core.engine:_tick:193 | {'system': 'core'} | Error in system GUIDebugSystem: add_node_link() missing 2 required positional arguments: 'attr_1' and 'attr_2'
2026-02-27 04:56:25.848 | ERROR    | serpentine.core.engine:_tick:193 | {'system': 'core'} | Error in system GUIDebugSystem: add_node_link() missing 2 required positional arguments: 'attr_1' and 'attr_2'
2026-02-27 04:56:25.880 | ERROR    | serpentine.core.engine:_tick:193 | {'system': 'core'} | Error in system GUIDebugSystem: add_node_link() missing 2 required positional arguments: 'attr_1' and 'attr_2'
2026-02-27 04:56:25.912 | ERROR    | serpentine.core.engine:_tick:193 | {'system': 'core'} | Error in system GUIDebugSystem: add_node_link() missing 2 required positional arguments: 'attr_1' and 'attr_2'
2026-02-27 04:56:25.944 | ERROR    | serpentine.core.engine:_tick:193 | {'system': 'core'} | Error in system GUIDebugSystem: add_node_link() missing 2 required positional arguments: 'attr_1' and 'attr_2'
2026-02-27 04:56:25.973 | ERROR    | serpentine.core.engine:_tick:193 | {'system': 'core'} | Error in system GUIDebugSystem: add_node_link() missing 2 required positional arguments: 'attr_1' and 'attr_2'
2026-02-27 04:56:26.004 | ERROR    | serpentine.core.engine:_tick:193 | {'system': 'core'} | Error in system GUIDebugSystem: add_node_link() missing 2 required positional arguments: 'attr_1' and 'attr_2'
2026-02-27 04:56:26.035 | ERROR    | serpentine.core.engine:_tick:193 | {'system': 'core'} | Error in system GUIDebugSystem: add_node_link() missing 2 required positional arguments: 'attr_1' and 'attr_2'
2026-02-27 04:56:26.066 | ERROR    | serpentine.core.engine:_tick:193 | {'system': 'core'} | Error in system GUIDebugSystem: add_node_link() missing 2 required positional arguments: 'attr_1' and 'attr_2'
2026-02-27 04:56:26.098 | ERROR    | serpentine.core.engine:_tick:193 | {'system': 'core'} | Error in system GUIDebugSystem: add_node_link() missing 2 required positional arguments: 'attr_1' and 'attr_2'
2026-02-27 04:56:26.128 | ERROR    | serpentine.core.engine:_tick:193 | {'system': 'core'} | Error in system GUIDebugSystem: add_node_link() missing 2 required positional arguments: 'attr_1' and 'attr_2'
2026-02-27 04:56:26.159 | ERROR    | serpentine.core.engine:_tick:193 | {'system': 'core'} | Error in system GUIDebugSystem: add_node_link() missing 2 required positional arguments: 'attr_1' and 'attr_2'
2026-02-27 04:56:26.190 | ERROR    | serpentine.core.engine:_tick:193 | {'system': 'core'} | Error in system GUIDebugSystem: add_node_link() missing 2 required positional arguments: 'attr_1' and 'attr_2'
2026-02-27 04:56:26.220 | ERROR    | serpentine.core.engine:_tick:193 | {'system': 'core'} | Error in system GUIDebugSystem: add_node_link() missing 2 required positional arguments: 'attr_1' and 'attr_2'
2026-02-27 04:56:26.252 | ERROR    | serpentine.core.engine:_tick:193 | {'system': 'core'} | Error in system GUIDebugSystem: add_node_link() missing 2 required positional arguments: 'attr_1' and 'attr_2'
2026-02-27 04:56:26.284 | ERROR    | serpentine.core.engine:_tick:193 | {'system': 'core'} | Error in system GUIDebugSystem: add_node_link() missing 2 required positional arguments: 'attr_1' and 'attr_2'
2026-02-27 04:56:26.315 | ERROR    | serpentine.core.engine:_tick:193 | {'system': 'core'} | Error in system GUIDebugSystem: add_node_link() missing 2 required positional arguments: 'attr_1' and 'attr_2'
2026-02-27 04:56:26.352 | ERROR    | serpentine.core.engine:_tick:193 | {'system': 'core'} | Error in system GUIDebugSystem: add_node_link() missing 2 required positional arguments: 'attr_1' and 'attr_2'
2026-02-27 04:56:26.377 | ERROR    | serpentine.core.engine:_tick:193 | {'system': 'core'} | Error in system GUIDebugSystem: add_node_link() missing 2 required positional arguments: 'attr_1' and 'attr_2'
2026-02-27 04:56:26.408 | ERROR    | serpentine.core.engine:_tick:193 | {'system': 'core'} | Error in system GUIDebugSystem: add_node_link() missing 2 required positional arguments: 'attr_1' and 'attr_2'
2026-02-27 04:56:26.438 | ERROR    | serpentine.core.engine:_tick:193 | {'system': 'core'} | Error in system GUIDebugSystem: add_node_link() missing 2 required positional arguments: 'attr_1' and 'attr_2'
2026-02-27 04:56:26.471 | ERROR    | serpentine.core.engine:_tick:193 | {'system': 'core'} | Error in system GUIDebugSystem: add_node_link() missing 2 required positional arguments: 'attr_1' and 'attr_2'
2026-02-27 04:56:26.502 | ERROR    | serpentine.core.engine:_tick:193 | {'system': 'core'} | Error in system GUIDebugSystem: add_node_link() missing 2 required positional arguments: 'attr_1' and 'attr_2'
2026-02-27 04:56:26.534 | ERROR    | serpentine.core.engine:_tick:193 | {'system': 'core'} | Error in system GUIDebugSystem: add_node_link() missing 2 required positional arguments: 'attr_1' and 'attr_2'
2026-02-27 04:56:26.564 | ERROR    | serpentine.core.engine:_tick:193 | {'system': 'core'} | Error in system GUIDebugSystem: add_node_link() missing 2 required positional arguments: 'attr_1' and 'attr_2'
2026-02-27 04:56:26.597 | ERROR    | serpentine.core.engine:_tick:193 | {'system': 'core'} | Error in system GUIDebugSystem: add_node_link() missing 2 required positional arguments: 'attr_1' and 'attr_2'
2026-02-27 04:56:26.629 | ERROR    | serpentine.core.engine:_tick:193 | {'system': 'core'} | Error in system GUIDebugSystem: add_node_link() missing 2 required positional arguments: 'attr_1' and 'attr_2'
2026-02-27 04:56:26.660 | ERROR    | serpentine.core.engine:_tick:193 | {'system': 'core'} | Error in system GUIDebugSystem: add_node_link() missing 2 required positional arguments: 'attr_1' and 'attr_2'
2026-02-27 04:56:26.691 | ERROR    | serpentine.core.engine:_tick:193 | {'system': 'core'} | Error in system GUIDebugSystem: add_node_link() missing 2 required positional arguments: 'attr_1' and 'attr_2'
2026-02-27 04:56:26.722 | ERROR    | serpentine.core.engine:_tick:193 | {'system': 'core'} | Error in system GUIDebugSystem: add_node_link() missing 2 required positional arguments: 'attr_1' and 'attr_2'
2026-02-27 04:56:26.752 | ERROR    | serpentine.core.engine:_tick:193 | {'system': 'core'} | Error in system GUIDebugSystem: add_node_link() missing 2 required positional arguments: 'attr_1' and 'attr_2'
2026-02-27 04:56:26.783 | ERROR    | serpentine.core.engine:_tick:193 | {'system': 'core'} | Error in system GUIDebugSystem: add_node_link() missing 2 required positional arguments: 'attr_1' and 'attr_2'
2026-02-27 04:56:26.813 | ERROR    | serpentine.core.engine:_tick:193 | {'system': 'core'} | Error in system GUIDebugSystem: add_node_link() missing 2 required positional arguments: 'attr_1' and 'attr_2'
2026-02-27 04:56:26.845 | ERROR    | serpentine.core.engine:_tick:193 | {'system': 'core'} | Error in system GUIDebugSystem: add_node_link() missing 2 required positional arguments: 'attr_1' and 'attr_2'
2026-02-27 04:56:26.876 | ERROR    | serpentine.core.engine:_tick:193 | {'system': 'core'} | Error in system GUIDebugSystem: add_node_link() missing 2 required positional arguments: 'attr_1' and 'attr_2'
2026-02-27 04:56:26.907 | ERROR    | serpentine.core.engine:_tick:193 | {'system': 'core'} | Error in system GUIDebugSystem: add_node_link() missing 2 required positional arguments: 'attr_1' and 'attr_2'
2026-02-27 04:56:26.939 | ERROR    | serpentine.core.engine:_tick:193 | {'system': 'core'} | Error in system GUIDebugSystem: add_node_link() missing 2 required positional arguments: 'attr_1' and 'attr_2'
2026-02-27 04:56:26.970 | ERROR    | serpentine.core.engine:_tick:193 | {'system': 'core'} | Error in system GUIDebugSystem: add_node_link() missing 2 required positional arguments: 'attr_1' and 'attr_2'
2026-02-27 04:56:27.002 | ERROR    | serpentine.core.engine:_tick:193 | {'system': 'core'} | Error in system GUIDebugSystem: add_node_link() missing 2 required positional arguments: 'attr_1' and 'attr_2'
2026-02-27 04:56:27.033 | ERROR    | serpentine.core.engine:_tick:193 | {'system': 'core'} | Error in system GUIDebugSystem: add_node_link() missing 2 required positional arguments: 'attr_1' and 'attr_2'
2026-02-27 04:56:27.065 | ERROR    | serpentine.core.engine:_tick:193 | {'system': 'core'} | Error in system GUIDebugSystem: add_node_link() missing 2 required positional arguments: 'attr_1' and 'attr_2'
2026-02-27 04:56:27.096 | ERROR    | serpentine.core.engine:_tick:193 | {'system': 'core'} | Error in system GUIDebugSystem: add_node_link() missing 2 required positional arguments: 'attr_1' and 'attr_2'
2026-02-27 04:56:27.127 | ERROR    | serpentine.core.engine:_tick:193 | {'system': 'core'} | Error in system GUIDebugSystem: add_node_link() missing 2 required positional arguments: 'attr_1' and 'attr_2'
2026-02-27 04:56:27.158 | ERROR    | serpentine.core.engine:_tick:193 | {'system': 'core'} | Error in system GUIDebugSystem: add_node_link() missing 2 required positional arguments: 'attr_1' and 'attr_2'
2026-02-27 04:56:27.189 | ERROR    | serpentine.core.engine:_tick:193 | {'system': 'core'} | Error in system GUIDebugSystem: add_node_link() missing 2 required positional arguments: 'attr_1' and 'attr_2'
2026-02-27 04:56:27.220 | ERROR    | serpentine.core.engine:_tick:193 | {'system': 'core'} | Error in system GUIDebugSystem: add_node_link() missing 2 required positional arguments: 'attr_1' and 'attr_2'
2026-02-27 04:56:27.251 | ERROR    | serpentine.core.engine:_tick:193 | {'system': 'core'} | Error in system GUIDebugSystem: add_node_link() missing 2 required positional arguments: 'attr_1' and 'attr_2'
2026-02-27 04:56:27.281 | ERROR    | serpentine.core.engine:_tick:193 | {'system': 'core'} | Error in system GUIDebugSystem: add_node_link() missing 2 required positional arguments: 'attr_1' and 'attr_2'
2026-02-27 04:56:27.313 | ERROR    | serpentine.core.engine:_tick:193 | {'system': 'core'} | Error in system GUIDebugSystem: add_node_link() missing 2 required positional arguments: 'attr_1' and 'attr_2'
2026-02-27 04:56:27.344 | ERROR    | serpentine.core.engine:_tick:193 | {'system': 'core'} | Error in system GUIDebugSystem: add_node_link() missing 2 required positional arguments: 'attr_1' and 'attr_2'
2026-02-27 04:56:27.375 | ERROR    | serpentine.core.engine:_tick:193 | {'system': 'core'} | Error in system GUIDebugSystem: add_node_link() missing 2 required positional arguments: 'attr_1' and 'attr_2'
2026-02-27 04:56:27.407 | ERROR    | serpentine.core.engine:_tick:193 | {'system': 'core'} | Error in system GUIDebugSystem: add_node_link() missing 2 required positional arguments: 'attr_1' and 'attr_2'
2026-02-27 04:56:27.437 | ERROR    | serpentine.core.engine:_tick:193 | {'system': 'core'} | Error in system GUIDebugSystem: add_node_link() missing 2 required positional arguments: 'attr_1' and 'attr_2'
2026-02-27 04:56:27.469 | ERROR    | serpentine.core.engine:_tick:193 | {'system': 'core'} | Error in system GUIDebugSystem: add_node_link() missing 2 required positional arguments: 'attr_1' and 'attr_2'
2026-02-27 04:56:27.500 | ERROR    | serpentine.core.engine:_tick:193 | {'system': 'core'} | Error in system GUIDebugSystem: add_node_link() missing 2 required positional arguments: 'attr_1' and 'attr_2'
2026-02-27 04:56:27.529 | ERROR    | serpentine.core.engine:_tick:193 | {'system': 'core'} | Error in system GUIDebugSystem: add_node_link() missing 2 required positional arguments: 'attr_1' and 'attr_2'
2026-02-27 04:56:27.561 | ERROR    | serpentine.core.engine:_tick:193 | {'system': 'core'} | Error in system GUIDebugSystem: add_node_link() missing 2 required positional arguments: 'attr_1' and 'attr_2'
2026-02-27 04:56:27.591 | ERROR    | serpentine.core.engine:_tick:193 | {'system': 'core'} | Error in system GUIDebugSystem: add_node_link() missing 2 required positional arguments: 'attr_1' and 'attr_2'
2026-02-27 04:56:27.622 | ERROR    | serpentine.core.engine:_tick:193 | {'system': 'core'} | Error in system GUIDebugSystem: add_node_link() missing 2 required positional arguments: 'attr_1' and 'attr_2'
2026-02-27 04:56:27.654 | ERROR    | serpentine.core.engine:_tick:193 | {'system': 'core'} | Error in system GUIDebugSystem: add_node_link() missing 2 required positional arguments: 'attr_1' and 'attr_2'
2026-02-27 04:56:27.685 | ERROR    | serpentine.core.engine:_tick:193 | {'system': 'core'} | Error in system GUIDebugSystem: add_node_link() missing 2 required positional arguments: 'attr_1' and 'attr_2'
2026-02-27 04:56:27.717 | ERROR    | serpentine.core.engine:_tick:193 | {'system': 'core'} | Error in system GUIDebugSystem: add_node_link() missing 2 required positional arguments: 'attr_1' and 'attr_2'
2026-02-27 04:56:27.748 | ERROR    | serpentine.core.engine:_tick:193 | {'system': 'core'} | Error in system GUIDebugSystem: add_node_link() missing 2 required positional arguments: 'attr_1' and 'attr_2'
2026-02-27 04:56:27.779 | ERROR    | serpentine.core.engine:_tick:193 | {'system': 'core'} | Error in system GUIDebugSystem: add_node_link() missing 2 required positional arguments: 'attr_1' and 'attr_2'
2026-02-27 04:56:27.811 | ERROR    | serpentine.core.engine:_tick:193 | {'system': 'core'} | Error in system GUIDebugSystem: add_node_link() missing 2 required positional arguments: 'attr_1' and 'attr_2'
2026-02-27 04:56:27.842 | ERROR    | serpentine.core.engine:_tick:193 | {'system': 'core'} | Error in system GUIDebugSystem: add_node_link() missing 2 required positional arguments: 'attr_1' and 'attr_2'
2026-02-27 04:56:27.875 | ERROR    | serpentine.core.engine:_tick:193 | {'system': 'core'} | Error in system GUIDebugSystem: add_node_link() missing 2 required positional arguments: 'attr_1' and 'attr_2'
2026-02-27 04:56:27.906 | ERROR    | serpentine.core.engine:_tick:193 | {'system': 'core'} | Error in system GUIDebugSystem: add_node_link() missing 2 required positional arguments: 'attr_1' and 'attr_2'
2026-02-27 04:56:27.936 | ERROR    | serpentine.core.engine:_tick:193 | {'system': 'core'} | Error in system GUIDebugSystem: add_node_link() missing 2 required positional arguments: 'attr_1' and 'attr_2'
2026-02-27 04:56:27.967 | ERROR    | serpentine.core.engine:_tick:193 | {'system': 'core'} | Error in system GUIDebugSystem: add_node_link() missing 2 required positional arguments: 'attr_1' and 'attr_2'
2026-02-27 04:56:27.999 | ERROR    | serpentine.core.engine:_tick:193 | {'system': 'core'} | Error in system GUIDebugSystem: add_node_link() missing 2 required positional arguments: 'attr_1' and 'attr_2'
2026-02-27 04:56:28.030 | ERROR    | serpentine.core.engine:_tick:193 | {'system': 'core'} | Error in system GUIDebugSystem: add_node_link() missing 2 required positional arguments: 'attr_1' and 'attr_2'
2026-02-27 04:56:28.061 | ERROR    | serpentine.core.engine:_tick:193 | {'system': 'core'} | Error in system GUIDebugSystem: add_node_link() missing 2 required positional arguments: 'attr_1' and 'attr_2'
2026-02-27 04:56:28.093 | ERROR    | serpentine.core.engine:_tick:193 | {'system': 'core'} | Error in system GUIDebugSystem: add_node_link() missing 2 required positional arguments: 'attr_1' and 'attr_2'
2026-02-27 04:56:28.124 | ERROR    | serpentine.core.engine:_tick:193 | {'system': 'core'} | Error in system GUIDebugSystem: add_node_link() missing 2 required positional arguments: 'attr_1' and 'attr_2'
2026-02-27 04:56:28.154 | ERROR    | serpentine.core.engine:_tick:193 | {'system': 'core'} | Error in system GUIDebugSystem: add_node_link() missing 2 required positional arguments: 'attr_1' and 'attr_2'
2026-02-27 04:56:28.184 | ERROR    | serpentine.core.engine:_tick:193 | {'system': 'core'} | Error in system GUIDebugSystem: add_node_link() missing 2 required positional arguments: 'attr_1' and 'attr_2'
2026-02-27 04:56:28.215 | ERROR    | serpentine.core.engine:_tick:193 | {'system': 'core'} | Error in system GUIDebugSystem: add_node_link() missing 2 required positional arguments: 'attr_1' and 'attr_2'
2026-02-27 04:56:28.249 | ERROR    | serpentine.core.engine:_tick:193 | {'system': 'core'} | Error in system GUIDebugSystem: add_node_link() missing 2 required positional arguments: 'attr_1' and 'attr_2'
2026-02-27 04:56:28.281 | ERROR    | serpentine.core.engine:_tick:193 | {'system': 'core'} | Error in system GUIDebugSystem: add_node_link() missing 2 required positional arguments: 'attr_1' and 'attr_2'
2026-02-27 04:56:28.313 | ERROR    | serpentine.core.engine:_tick:193 | {'system': 'core'} | Error in system GUIDebugSystem: add_node_link() missing 2 required positional arguments: 'attr_1' and 'attr_2'
2026-02-27 04:56:28.341 | ERROR    | serpentine.core.engine:_tick:193 | {'system': 'core'} | Error in system GUIDebugSystem: add_node_link() missing 2 required positional arguments: 'attr_1' and 'attr_2'
2026-02-27 04:56:28.372 | ERROR    | serpentine.core.engine:_tick:193 | {'system': 'core'} | Error in system GUIDebugSystem: add_node_link() missing 2 required positional arguments: 'attr_1' and 'attr_2'
2026-02-27 04:56:28.391 | ERROR    | serpentine.core.engine:_tick:193 | {'system': 'core'} | Error in system GUIDebugSystem: add_node_link() missing 2 required positional arguments: 'attr_1' and 'attr_2'
2026-02-27 04:56:28.420 | ERROR    | serpentine.core.engine:_tick:193 | {'system': 'core'} | Error in system GUIDebugSystem: add_node_link() missing 2 required positional arguments: 'attr_1' and 'attr_2'
2026-02-27 04:56:28.451 | ERROR    | serpentine.core.engine:_tick:193 | {'system': 'core'} | Error in system GUIDebugSystem: add_node_link() missing 2 required positional arguments: 'attr_1' and 'attr_2'
2026-02-27 04:56:28.482 | ERROR    | serpentine.core.engine:_tick:193 | {'system': 'core'} | Error in system GUIDebugSystem: add_node_link() missing 2 required positional arguments: 'attr_1' and 'attr_2'
2026-02-27 04:56:28.513 | ERROR    | serpentine.core.engine:_tick:193 | {'system': 'core'} | Error in system GUIDebugSystem: add_node_link() missing 2 required positional arguments: 'attr_1' and 'attr_2'
2026-02-27 04:56:28.544 | ERROR    | serpentine.core.engine:_tick:193 | {'system': 'core'} | Error in system GUIDebugSystem: add_node_link() missing 2 required positional arguments: 'attr_1' and 'attr_2'
2026-02-27 04:56:28.575 | ERROR    | serpentine.core.engine:_tick:193 | {'system': 'core'} | Error in system GUIDebugSystem: add_node_link() missing 2 required positional arguments: 'attr_1' and 'attr_2'
2026-02-27 04:56:28.606 | ERROR    | serpentine.core.engine:_tick:193 | {'system': 'core'} | Error in system GUIDebugSystem: add_node_link() missing 2 required positional arguments: 'attr_1' and 'attr_2'
2026-02-27 04:56:28.637 | ERROR    | serpentine.core.engine:_tick:193 | {'system': 'core'} | Error in system GUIDebugSystem: add_node_link() missing 2 required positional arguments: 'attr_1' and 'attr_2'
2026-02-27 04:56:28.668 | ERROR    | serpentine.core.engine:_tick:193 | {'system': 'core'} | Error in system GUIDebugSystem: add_node_link() missing 2 required positional arguments: 'attr_1' and 'attr_2'
2026-02-27 04:56:28.700 | ERROR    | serpentine.core.engine:_tick:193 | {'system': 'core'} | Error in system GUIDebugSystem: add_node_link() missing 2 required positional arguments: 'attr_1' and 'attr_2'
2026-02-27 04:56:28.731 | ERROR    | serpentine.core.engine:_tick:193 | {'system': 'core'} | Error in system GUIDebugSystem: add_node_link() missing 2 required positional arguments: 'attr_1' and 'attr_2'
2026-02-27 04:56:28.763 | ERROR    | serpentine.core.engine:_tick:193 | {'system': 'core'} | Error in system GUIDebugSystem: add_node_link() missing 2 required positional arguments: 'attr_1' and 'attr_2'
2026-02-27 04:56:28.795 | ERROR    | serpentine.core.engine:_tick:193 | {'system': 'core'} | Error in system GUIDebugSystem: add_node_link() missing 2 required positional arguments: 'attr_1' and 'attr_2'
2026-02-27 04:56:28.827 | ERROR    | serpentine.core.engine:_tick:193 | {'system': 'core'} | Error in system GUIDebugSystem: add_node_link() missing 2 required positional arguments: 'attr_1' and 'attr_2'
2026-02-27 04:56:28.857 | ERROR    | serpentine.core.engine:_tick:193 | {'system': 'core'} | Error in system GUIDebugSystem: add_node_link() missing 2 required positional arguments: 'attr_1' and 'attr_2'
2026-02-27 04:56:28.888 | ERROR    | serpentine.core.engine:_tick:193 | {'system': 'core'} | Error in system GUIDebugSystem: add_node_link() missing 2 required positional arguments: 'attr_1' and 'attr_2'
2026-02-27 04:56:28.919 | ERROR    | serpentine.core.engine:_tick:193 | {'system': 'core'} | Error in system GUIDebugSystem: add_node_link() missing 2 required positional arguments: 'attr_1' and 'attr_2'
2026-02-27 04:56:28.951 | ERROR    | serpentine.core.engine:_tick:193 | {'system': 'core'} | Error in system GUIDebugSystem: add_node_link() missing 2 required positional arguments: 'attr_1' and 'attr_2'
2026-02-27 04:56:28.981 | ERROR    | serpentine.core.engine:_tick:193 | {'system': 'core'} | Error in system GUIDebugSystem: add_node_link() missing 2 required positional arguments: 'attr_1' and 'attr_2'
2026-02-27 04:56:29.013 | ERROR    | serpentine.core.engine:_tick:193 | {'system': 'core'} | Error in system GUIDebugSystem: add_node_link() missing 2 required positional arguments: 'attr_1' and 'attr_2'
2026-02-27 04:56:29.051 | ERROR    | serpentine.core.engine:_tick:193 | {'system': 'core'} | Error in system GUIDebugSystem: add_node_link() missing 2 required positional arguments: 'attr_1' and 'attr_2'
2026-02-27 04:56:29.076 | ERROR    | serpentine.core.engine:_tick:193 | {'system': 'core'} | Error in system GUIDebugSystem: add_node_link() missing 2 required positional arguments: 'attr_1' and 'attr_2'
2026-02-27 04:56:29.106 | ERROR    | serpentine.core.engine:_tick:193 | {'system': 'core'} | Error in system GUIDebugSystem: add_node_link() missing 2 required positional arguments: 'attr_1' and 'attr_2'
2026-02-27 04:56:29.146 | ERROR    | serpentine.core.engine:_tick:193 | {'system': 'core'} | Error in system GUIDebugSystem: add_node_link() missing 2 required positional arguments: 'attr_1' and 'attr_2'
2026-02-27 04:56:29.168 | ERROR    | serpentine.core.engine:_tick:193 | {'system': 'core'} | Error in system GUIDebugSystem: add_node_link() missing 2 required positional arguments: 'attr_1' and 'attr_2'
2026-02-27 04:56:29.200 | ERROR    | serpentine.core.engine:_tick:193 | {'system': 'core'} | Error in system GUIDebugSystem: add_node_link() missing 2 required positional arguments: 'attr_1' and 'attr_2'
2026-02-27 04:56:29.231 | ERROR    | serpentine.core.engine:_tick:193 | {'system': 'core'} | Error in system GUIDebugSystem: add_node_link() missing 2 required positional arguments: 'attr_1' and 'attr_2'
2026-02-27 04:56:29.262 | ERROR    | serpentine.core.engine:_tick:193 | {'system': 'core'} | Error in system GUIDebugSystem: add_node_link() missing 2 required positional arguments: 'attr_1' and 'attr_2'
2026-02-27 04:56:29.293 | ERROR    | serpentine.core.engine:_tick:193 | {'system': 'core'} | Error in system GUIDebugSystem: add_node_link() missing 2 required positional arguments: 'attr_1' and 'attr_2'
2026-02-27 04:56:29.324 | ERROR    | serpentine.core.engine:_tick:193 | {'system': 'core'} | Error in system GUIDebugSystem: add_node_link() missing 2 required positional arguments: 'attr_1' and 'attr_2'
2026-02-27 04:56:29.356 | ERROR    | serpentine.core.engine:_tick:193 | {'system': 'core'} | Error in system GUIDebugSystem: add_node_link() missing 2 required positional arguments: 'attr_1' and 'attr_2'
2026-02-27 04:56:29.388 | ERROR    | serpentine.core.engine:_tick:193 | {'system': 'core'} | Error in system GUIDebugSystem: add_node_link() missing 2 required positional arguments: 'attr_1' and 'attr_2'
2026-02-27 04:56:29.422 | ERROR    | serpentine.core.engine:_tick:193 | {'system': 'core'} | Error in system GUIDebugSystem: add_node_link() missing 2 required positional arguments: 'attr_1' and 'attr_2'
2026-02-27 04:56:29.450 | ERROR    | serpentine.core.engine:_tick:193 | {'system': 'core'} | Error in system GUIDebugSystem: add_node_link() missing 2 required positional arguments: 'attr_1' and 'attr_2'
2026-02-27 04:56:29.481 | ERROR    | serpentine.core.engine:_tick:193 | {'system': 'core'} | Error in system GUIDebugSystem: add_node_link() missing 2 required positional arguments: 'attr_1' and 'attr_2'
2026-02-27 04:56:29.513 | ERROR    | serpentine.core.engine:_tick:193 | {'system': 'core'} | Error in system GUIDebugSystem: add_node_link() missing 2 required positional arguments: 'attr_1' and 'attr_2'
2026-02-27 04:56:29.543 | ERROR    | serpentine.core.engine:_tick:193 | {'system': 'core'} | Error in system GUIDebugSystem: add_node_link() missing 2 required positional arguments: 'attr_1' and 'attr_2'
2026-02-27 04:56:29.574 | ERROR    | serpentine.core.engine:_tick:193 | {'system': 'core'} | Error in system GUIDebugSystem: add_node_link() missing 2 required positional arguments: 'attr_1' and 'attr_2'
2026-02-27 04:56:29.605 | ERROR    | serpentine.core.engine:_tick:193 | {'system': 'core'} | Error in system GUIDebugSystem: add_node_link() missing 2 required positional arguments: 'attr_1' and 'attr_2'
2026-02-27 04:56:29.636 | ERROR    | serpentine.core.engine:_tick:193 | {'system': 'core'} | Error in system GUIDebugSystem: add_node_link() missing 2 required positional arguments: 'attr_1' and 'attr_2'
2026-02-27 04:56:29.667 | ERROR    | serpentine.core.engine:_tick:193 | {'system': 'core'} | Error in system GUIDebugSystem: add_node_link() missing 2 required positional arguments: 'attr_1' and 'attr_2'
2026-02-27 04:56:29.699 | ERROR    | serpentine.core.engine:_tick:193 | {'system': 'core'} | Error in system GUIDebugSystem: add_node_link() missing 2 required positional arguments: 'attr_1' and 'attr_2'
2026-02-27 04:56:29.730 | ERROR    | serpentine.core.engine:_tick:193 | {'system': 'core'} | Error in system GUIDebugSystem: add_node_link() missing 2 required positional arguments: 'attr_1' and 'attr_2'
2026-02-27 04:56:29.761 | ERROR    | serpentine.core.engine:_tick:193 | {'system': 'core'} | Error in system GUIDebugSystem: add_node_link() missing 2 required positional arguments: 'attr_1' and 'attr_2'
2026-02-27 04:56:29.793 | ERROR    | serpentine.core.engine:_tick:193 | {'system': 'core'} | Error in system GUIDebugSystem: add_node_link() missing 2 required positional arguments: 'attr_1' and 'attr_2'
2026-02-27 04:56:29.823 | ERROR    | serpentine.core.engine:_tick:193 | {'system': 'core'} | Error in system GUIDebugSystem: add_node_link() missing 2 required positional arguments: 'attr_1' and 'attr_2'
2026-02-27 04:56:29.855 | ERROR    | serpentine.core.engine:_tick:193 | {'system': 'core'} | Error in system GUIDebugSystem: add_node_link() missing 2 required positional arguments: 'attr_1' and 'attr_2'
2026-02-27 04:56:29.886 | ERROR    | serpentine.core.engine:_tick:193 | {'system': 'core'} | Error in system GUIDebugSystem: add_node_link() missing 2 required positional arguments: 'attr_1' and 'attr_2'
2026-02-27 04:56:29.918 | ERROR    | serpentine.core.engine:_tick:193 | {'system': 'core'} | Error in system GUIDebugSystem: add_node_link() missing 2 required positional arguments: 'attr_1' and 'attr_2'
2026-02-27 04:56:29.949 | ERROR    | serpentine.core.engine:_tick:193 | {'system': 'core'} | Error in system GUIDebugSystem: add_node_link() missing 2 required positional arguments: 'attr_1' and 'attr_2'
2026-02-27 04:56:29.980 | ERROR    | serpentine.core.engine:_tick:193 | {'system': 'core'} | Error in system GUIDebugSystem: add_node_link() missing 2 required positional arguments: 'attr_1' and 'attr_2'
2026-02-27 04:56:30.010 | ERROR    | serpentine.core.engine:_tick:193 | {'system': 'core'} | Error in system GUIDebugSystem: add_node_link() missing 2 required positional arguments: 'attr_1' and 'attr_2'
2026-02-27 04:56:30.040 | ERROR    | serpentine.core.engine:_tick:193 | {'system': 'core'} | Error in system GUIDebugSystem: add_node_link() missing 2 required positional arguments: 'attr_1' and 'attr_2'
2026-02-27 04:56:30.071 | ERROR    | serpentine.core.engine:_tick:193 | {'system': 'core'} | Error in system GUIDebugSystem: add_node_link() missing 2 required positional arguments: 'attr_1' and 'attr_2'
2026-02-27 04:56:30.103 | ERROR    | serpentine.core.engine:_tick:193 | {'system': 'core'} | Error in system GUIDebugSystem: add_node_link() missing 2 required positional arguments: 'attr_1' and 'attr_2'
2026-02-27 04:56:30.133 | ERROR    | serpentine.core.engine:_tick:193 | {'system': 'core'} | Error in system GUIDebugSystem: add_node_link() missing 2 required positional arguments: 'attr_1' and 'attr_2'
2026-02-27 04:56:30.165 | ERROR    | serpentine.core.engine:_tick:193 | {'system': 'core'} | Error in system GUIDebugSystem: add_node_link() missing 2 required positional arguments: 'attr_1' and 'attr_2'
2026-02-27 04:56:30.197 | ERROR    | serpentine.core.engine:_tick:193 | {'system': 'core'} | Error in system GUIDebugSystem: add_node_link() missing 2 required positional arguments: 'attr_1' and 'attr_2'
2026-02-27 04:56:30.227 | ERROR    | serpentine.core.engine:_tick:193 | {'system': 'core'} | Error in system GUIDebugSystem: add_node_link() missing 2 required positional arguments: 'attr_1' and 'attr_2'
2026-02-27 04:56:30.259 | ERROR    | serpentine.core.engine:_tick:193 | {'system': 'core'} | Error in system GUIDebugSystem: add_node_link() missing 2 required positional arguments: 'attr_1' and 'attr_2'
2026-02-27 04:56:30.289 | ERROR    | serpentine.core.engine:_tick:193 | {'system': 'core'} | Error in system GUIDebugSystem: add_node_link() missing 2 required positional arguments: 'attr_1' and 'attr_2'
2026-02-27 04:56:30.321 | ERROR    | serpentine.core.engine:_tick:193 | {'system': 'core'} | Error in system GUIDebugSystem: add_node_link() missing 2 required positional arguments: 'attr_1' and 'attr_2'
2026-02-27 04:56:30.352 | ERROR    | serpentine.core.engine:_tick:193 | {'system': 'core'} | Error in system GUIDebugSystem: add_node_link() missing 2 required positional arguments: 'attr_1' and 'attr_2'
2026-02-27 04:56:30.383 | ERROR    | serpentine.core.engine:_tick:193 | {'system': 'core'} | Error in system GUIDebugSystem: add_node_link() missing 2 required positional arguments: 'attr_1' and 'attr_2'
2026-02-27 04:56:30.415 | ERROR    | serpentine.core.engine:_tick:193 | {'system': 'core'} | Error in system GUIDebugSystem: add_node_link() missing 2 required positional arguments: 'attr_1' and 'attr_2'
2026-02-27 04:56:30.445 | ERROR    | serpentine.core.engine:_tick:193 | {'system': 'core'} | Error in system GUIDebugSystem: add_node_link() missing 2 required positional arguments: 'attr_1' and 'attr_2'
2026-02-27 04:56:30.475 | ERROR    | serpentine.core.engine:_tick:193 | {'system': 'core'} | Error in system GUIDebugSystem: add_node_link() missing 2 required positional arguments: 'attr_1' and 'attr_2'
2026-02-27 04:56:30.507 | ERROR    | serpentine.core.engine:_tick:193 | {'system': 'core'} | Error in system GUIDebugSystem: add_node_link() missing 2 required positional arguments: 'attr_1' and 'attr_2'
2026-02-27 04:56:30.541 | ERROR    | serpentine.core.engine:_tick:193 | {'system': 'core'} | Error in system GUIDebugSystem: add_node_link() missing 2 required positional arguments: 'attr_1' and 'attr_2'
2026-02-27 04:56:30.569 | ERROR    | serpentine.core.engine:_tick:193 | {'system': 'core'} | Error in system GUIDebugSystem: add_node_link() missing 2 required positional arguments: 'attr_1' and 'attr_2'
2026-02-27 04:56:30.600 | ERROR    | serpentine.core.engine:_tick:193 | {'system': 'core'} | Error in system GUIDebugSystem: add_node_link() missing 2 required positional arguments: 'attr_1' and 'attr_2'
2026-02-27 04:56:30.632 | ERROR    | serpentine.core.engine:_tick:193 | {'system': 'core'} | Error in system GUIDebugSystem: add_node_link() missing 2 required positional arguments: 'attr_1' and 'attr_2'
2026-02-27 04:56:30.662 | ERROR    | serpentine.core.engine:_tick:193 | {'system': 'core'} | Error in system GUIDebugSystem: add_node_link() missing 2 required positional arguments: 'attr_1' and 'attr_2'
2026-02-27 04:56:30.693 | ERROR    | serpentine.core.engine:_tick:193 | {'system': 'core'} | Error in system GUIDebugSystem: add_node_link() missing 2 required positional arguments: 'attr_1' and 'attr_2'
2026-02-27 04:56:30.724 | ERROR    | serpentine.core.engine:_tick:193 | {'system': 'core'} | Error in system GUIDebugSystem: add_node_link() missing 2 required positional arguments: 'attr_1' and 'attr_2'
2026-02-27 04:56:30.755 | ERROR    | serpentine.core.engine:_tick:193 | {'system': 'core'} | Error in system GUIDebugSystem: add_node_link() missing 2 required positional arguments: 'attr_1' and 'attr_2'
2026-02-27 04:56:30.785 | ERROR    | serpentine.core.engine:_tick:193 | {'system': 'core'} | Error in system GUIDebugSystem: add_node_link() missing 2 required positional arguments: 'attr_1' and 'attr_2'
2026-02-27 04:56:30.816 | ERROR    | serpentine.core.engine:_tick:193 | {'system': 'core'} | Error in system GUIDebugSystem: add_node_link() missing 2 required positional arguments: 'attr_1' and 'attr_2'
2026-02-27 04:56:30.848 | ERROR    | serpentine.core.engine:_tick:193 | {'system': 'core'} | Error in system GUIDebugSystem: add_node_link() missing 2 required positional arguments: 'attr_1' and 'attr_2'
2026-02-27 04:56:30.879 | ERROR    | serpentine.core.engine:_tick:193 | {'system': 'core'} | Error in system GUIDebugSystem: add_node_link() missing 2 required positional arguments: 'attr_1' and 'attr_2'
2026-02-27 04:56:30.910 | ERROR    | serpentine.core.engine:_tick:193 | {'system': 'core'} | Error in system GUIDebugSystem: add_node_link() missing 2 required positional arguments: 'attr_1' and 'attr_2'
2026-02-27 04:56:30.941 | ERROR    | serpentine.core.engine:_tick:193 | {'system': 'core'} | Error in system GUIDebugSystem: add_node_link() missing 2 required positional arguments: 'attr_1' and 'attr_2'
2026-02-27 04:56:30.973 | ERROR    | serpentine.core.engine:_tick:193 | {'system': 'core'} | Error in system GUIDebugSystem: add_node_link() missing 2 required positional arguments: 'attr_1' and 'attr_2'
2026-02-27 04:56:31.004 | ERROR    | serpentine.core.engine:_tick:193 | {'system': 'core'} | Error in system GUIDebugSystem: add_node_link() missing 2 required positional arguments: 'attr_1' and 'attr_2'
2026-02-27 04:56:31.035 | ERROR    | serpentine.core.engine:_tick:193 | {'system': 'core'} | Error in system GUIDebugSystem: add_node_link() missing 2 required positional arguments: 'attr_1' and 'attr_2'
2026-02-27 04:56:31.067 | ERROR    | serpentine.core.engine:_tick:193 | {'system': 'core'} | Error in system GUIDebugSystem: add_node_link() missing 2 required positional arguments: 'attr_1' and 'attr_2'
2026-02-27 04:56:31.098 | ERROR    | serpentine.core.engine:_tick:193 | {'system': 'core'} | Error in system GUIDebugSystem: add_node_link() missing 2 required positional arguments: 'attr_1' and 'attr_2'
2026-02-27 04:56:31.116 | ERROR    | serpentine.core.engine:_tick:193 | {'system': 'core'} | Error in system GUIDebugSystem: add_node_link() missing 2 required positional arguments: 'attr_1' and 'attr_2'
2026-02-27 04:56:31.145 | ERROR    | serpentine.core.engine:_tick:193 | {'system': 'core'} | Error in system GUIDebugSystem: add_node_link() missing 2 required positional arguments: 'attr_1' and 'attr_2'
2026-02-27 04:56:31.177 | ERROR    | serpentine.core.engine:_tick:193 | {'system': 'core'} | Error in system GUIDebugSystem: add_node_link() missing 2 required positional arguments: 'attr_1' and 'attr_2'
2026-02-27 04:56:31.208 | ERROR    | serpentine.core.engine:_tick:193 | {'system': 'core'} | Error in system GUIDebugSystem: add_node_link() missing 2 required positional arguments: 'attr_1' and 'attr_2'
2026-02-27 04:56:31.239 | ERROR    | serpentine.core.engine:_tick:193 | {'system': 'core'} | Error in system GUIDebugSystem: add_node_link() missing 2 required positional arguments: 'attr_1' and 'attr_2'
2026-02-27 04:56:31.271 | ERROR    | serpentine.core.engine:_tick:193 | {'system': 'core'} | Error in system GUIDebugSystem: add_node_link() missing 2 required positional arguments: 'attr_1' and 'attr_2'
2026-02-27 04:56:31.301 | ERROR    | serpentine.core.engine:_tick:193 | {'system': 'core'} | Error in system GUIDebugSystem: add_node_link() missing 2 required positional arguments: 'attr_1' and 'attr_2'
2026-02-27 04:56:31.331 | ERROR    | serpentine.core.engine:_tick:193 | {'system': 'core'} | Error in system GUIDebugSystem: add_node_link() missing 2 required positional arguments: 'attr_1' and 'attr_2'
2026-02-27 04:56:31.363 | ERROR    | serpentine.core.engine:_tick:193 | {'system': 'core'} | Error in system GUIDebugSystem: add_node_link() missing 2 required positional arguments: 'attr_1' and 'attr_2'
2026-02-27 04:56:31.395 | ERROR    | serpentine.core.engine:_tick:193 | {'system': 'core'} | Error in system GUIDebugSystem: add_node_link() missing 2 required positional arguments: 'attr_1' and 'attr_2'
2026-02-27 04:56:31.427 | ERROR    | serpentine.core.engine:_tick:193 | {'system': 'core'} | Error in system GUIDebugSystem: add_node_link() missing 2 required positional arguments: 'attr_1' and 'attr_2'
2026-02-27 04:56:31.457 | ERROR    | serpentine.core.engine:_tick:193 | {'system': 'core'} | Error in system GUIDebugSystem: add_node_link() missing 2 required positional arguments: 'attr_1' and 'attr_2'
2026-02-27 04:56:31.489 | ERROR    | serpentine.core.engine:_tick:193 | {'system': 'core'} | Error in system GUIDebugSystem: add_node_link() missing 2 required positional arguments: 'attr_1' and 'attr_2'
2026-02-27 04:56:31.519 | ERROR    | serpentine.core.engine:_tick:193 | {'system': 'core'} | Error in system GUIDebugSystem: add_node_link() missing 2 required positional arguments: 'attr_1' and 'attr_2'
2026-02-27 04:56:31.550 | ERROR    | serpentine.core.engine:_tick:193 | {'system': 'core'} | Error in system GUIDebugSystem: add_node_link() missing 2 required positional arguments: 'attr_1' and 'attr_2'
2026-02-27 04:56:31.580 | ERROR    | serpentine.core.engine:_tick:193 | {'system': 'core'} | Error in system GUIDebugSystem: add_node_link() missing 2 required positional arguments: 'attr_1' and 'attr_2'
2026-02-27 04:56:31.612 | ERROR    | serpentine.core.engine:_tick:193 | {'system': 'core'} | Error in system GUIDebugSystem: add_node_link() missing 2 required positional arguments: 'attr_1' and 'attr_2'
2026-02-27 04:56:31.643 | ERROR    | serpentine.core.engine:_tick:193 | {'system': 'core'} | Error in system GUIDebugSystem: add_node_link() missing 2 required positional arguments: 'attr_1' and 'attr_2'
2026-02-27 04:56:31.675 | ERROR    | serpentine.core.engine:_tick:193 | {'system': 'core'} | Error in system GUIDebugSystem: add_node_link() missing 2 required positional arguments: 'attr_1' and 'attr_2'
2026-02-27 04:56:31.707 | ERROR    | serpentine.core.engine:_tick:193 | {'system': 'core'} | Error in system GUIDebugSystem: add_node_link() missing 2 required positional arguments: 'attr_1' and 'attr_2'
2026-02-27 04:56:31.738 | ERROR    | serpentine.core.engine:_tick:193 | {'system': 'core'} | Error in system GUIDebugSystem: add_node_link() missing 2 required positional arguments: 'attr_1' and 'attr_2'
2026-02-27 04:56:31.769 | ERROR    | serpentine.core.engine:_tick:193 | {'system': 'core'} | Error in system GUIDebugSystem: add_node_link() missing 2 required positional arguments: 'attr_1' and 'attr_2'
2026-02-27 04:56:31.801 | ERROR    | serpentine.core.engine:_tick:193 | {'system': 'core'} | Error in system GUIDebugSystem: add_node_link() missing 2 required positional arguments: 'attr_1' and 'attr_2'
2026-02-27 04:56:31.832 | ERROR    | serpentine.core.engine:_tick:193 | {'system': 'core'} | Error in system GUIDebugSystem: add_node_link() missing 2 required positional arguments: 'attr_1' and 'attr_2'
2026-02-27 04:56:31.863 | ERROR    | serpentine.core.engine:_tick:193 | {'system': 'core'} | Error in system GUIDebugSystem: add_node_link() missing 2 required positional arguments: 'attr_1' and 'attr_2'
2026-02-27 04:56:31.893 | ERROR    | serpentine.core.engine:_tick:193 | {'system': 'core'} | Error in system GUIDebugSystem: add_node_link() missing 2 required positional arguments: 'attr_1' and 'attr_2'
2026-02-27 04:56:31.924 | ERROR    | serpentine.core.engine:_tick:193 | {'system': 'core'} | Error in system GUIDebugSystem: add_node_link() missing 2 required positional arguments: 'attr_1' and 'attr_2'
2026-02-27 04:56:31.988 | ERROR    | serpentine.core.engine:_tick:193 | {'system': 'core'} | Error in system GUIDebugSystem: add_node_link() missing 2 required positional arguments: 'attr_1' and 'attr_2'
2026-02-27 04:56:32.017 | ERROR    | serpentine.core.engine:_tick:193 | {'system': 'core'} | Error in system GUIDebugSystem: add_node_link() missing 2 required positional arguments: 'attr_1' and 'attr_2'
2026-02-27 04:56:32.048 | ERROR    | serpentine.core.engine:_tick:193 | {'system': 'core'} | Error in system GUIDebugSystem: add_node_link() missing 2 required positional arguments: 'attr_1' and 'attr_2'
2026-02-27 04:56:32.081 | ERROR    | serpentine.core.engine:_tick:193 | {'system': 'core'} | Error in system GUIDebugSystem: add_node_link() missing 2 required positional arguments: 'attr_1' and 'attr_2'
2026-02-27 04:56:32.111 | ERROR    | serpentine.core.engine:_tick:193 | {'system': 'core'} | Error in system GUIDebugSystem: add_node_link() missing 2 required positional arguments: 'attr_1' and 'attr_2'
2026-02-27 04:56:32.142 | ERROR    | serpentine.core.engine:_tick:193 | {'system': 'core'} | Error in system GUIDebugSystem: add_node_link() missing 2 required positional arguments: 'attr_1' and 'attr_2'
2026-02-27 04:56:32.172 | ERROR    | serpentine.core.engine:_tick:193 | {'system': 'core'} | Error in system GUIDebugSystem: add_node_link() missing 2 required positional arguments: 'attr_1' and 'attr_2'
2026-02-27 04:56:32.204 | ERROR    | serpentine.core.engine:_tick:193 | {'system': 'core'} | Error in system GUIDebugSystem: add_node_link() missing 2 required positional arguments: 'attr_1' and 'attr_2'
2026-02-27 04:56:32.236 | ERROR    | serpentine.core.engine:_tick:193 | {'system': 'core'} | Error in system GUIDebugSystem: add_node_link() missing 2 required positional arguments: 'attr_1' and 'attr_2'
2026-02-27 04:56:32.267 | ERROR    | serpentine.core.engine:_tick:193 | {'system': 'core'} | Error in system GUIDebugSystem: add_node_link() missing 2 required positional arguments: 'attr_1' and 'attr_2'
2026-02-27 04:56:32.298 | ERROR    | serpentine.core.engine:_tick:193 | {'system': 'core'} | Error in system GUIDebugSystem: add_node_link() missing 2 required positional arguments: 'attr_1' and 'attr_2'
2026-02-27 04:56:32.329 | ERROR    | serpentine.core.engine:_tick:193 | {'system': 'core'} | Error in system GUIDebugSystem: add_node_link() missing 2 required positional arguments: 'attr_1' and 'attr_2'
2026-02-27 04:56:32.360 | ERROR    | serpentine.core.engine:_tick:193 | {'system': 'core'} | Error in system GUIDebugSystem: add_node_link() missing 2 required positional arguments: 'attr_1' and 'attr_2'
2026-02-27 04:56:32.391 | ERROR    | serpentine.core.engine:_tick:193 | {'system': 'core'} | Error in system GUIDebugSystem: add_node_link() missing 2 required positional arguments: 'attr_1' and 'attr_2'
2026-02-27 04:56:32.423 | ERROR    | serpentine.core.engine:_tick:193 | {'system': 'core'} | Error in system GUIDebugSystem: add_node_link() missing 2 required positional arguments: 'attr_1' and 'attr_2'
2026-02-27 04:56:32.454 | ERROR    | serpentine.core.engine:_tick:193 | {'system': 'core'} | Error in system GUIDebugSystem: add_node_link() missing 2 required positional arguments: 'attr_1' and 'attr_2'
2026-02-27 04:56:32.485 | ERROR    | serpentine.core.engine:_tick:193 | {'system': 'core'} | Error in system GUIDebugSystem: add_node_link() missing 2 required positional arguments: 'attr_1' and 'attr_2'
2026-02-27 04:56:32.517 | ERROR    | serpentine.core.engine:_tick:193 | {'system': 'core'} | Error in system GUIDebugSystem: add_node_link() missing 2 required positional arguments: 'attr_1' and 'attr_2'
2026-02-27 04:56:32.549 | ERROR    | serpentine.core.engine:_tick:193 | {'system': 'core'} | Error in system GUIDebugSystem: add_node_link() missing 2 required positional arguments: 'attr_1' and 'attr_2'
2026-02-27 04:56:32.580 | ERROR    | serpentine.core.engine:_tick:193 | {'system': 'core'} | Error in system GUIDebugSystem: add_node_link() missing 2 required positional arguments: 'attr_1' and 'attr_2'
2026-02-27 04:56:32.612 | ERROR    | serpentine.core.engine:_tick:193 | {'system': 'core'} | Error in system GUIDebugSystem: add_node_link() missing 2 required positional arguments: 'attr_1' and 'attr_2'
2026-02-27 04:56:32.642 | ERROR    | serpentine.core.engine:_tick:193 | {'system': 'core'} | Error in system GUIDebugSystem: add_node_link() missing 2 required positional arguments: 'attr_1' and 'attr_2'
2026-02-27 04:56:32.673 | ERROR    | serpentine.core.engine:_tick:193 | {'system': 'core'} | Error in system GUIDebugSystem: add_node_link() missing 2 required positional arguments: 'attr_1' and 'attr_2'
2026-02-27 04:56:32.703 | ERROR    | serpentine.core.engine:_tick:193 | {'system': 'core'} | Error in system GUIDebugSystem: add_node_link() missing 2 required positional arguments: 'attr_1' and 'attr_2'
2026-02-27 04:56:32.735 | ERROR    | serpentine.core.engine:_tick:193 | {'system': 'core'} | Error in system GUIDebugSystem: add_node_link() missing 2 required positional arguments: 'attr_1' and 'attr_2'
2026-02-27 04:56:32.766 | ERROR    | serpentine.core.engine:_tick:193 | {'system': 'core'} | Error in system GUIDebugSystem: add_node_link() missing 2 required positional arguments: 'attr_1' and 'attr_2'
2026-02-27 04:56:32.798 | ERROR    | serpentine.core.engine:_tick:193 | {'system': 'core'} | Error in system GUIDebugSystem: add_node_link() missing 2 required positional arguments: 'attr_1' and 'attr_2'
2026-02-27 04:56:32.830 | ERROR    | serpentine.core.engine:_tick:193 | {'system': 'core'} | Error in system GUIDebugSystem: add_node_link() missing 2 required positional arguments: 'attr_1' and 'attr_2'
2026-02-27 04:56:32.861 | ERROR    | serpentine.core.engine:_tick:193 | {'system': 'core'} | Error in system GUIDebugSystem: add_node_link() missing 2 required positional arguments: 'attr_1' and 'attr_2'
2026-02-27 04:56:32.891 | ERROR    | serpentine.core.engine:_tick:193 | {'system': 'core'} | Error in system GUIDebugSystem: add_node_link() missing 2 required positional arguments: 'attr_1' and 'attr_2'
2026-02-27 04:56:32.924 | ERROR    | serpentine.core.engine:_tick:193 | {'system': 'core'} | Error in system GUIDebugSystem: add_node_link() missing 2 required positional arguments: 'attr_1' and 'attr_2'
2026-02-27 04:56:32.956 | ERROR    | serpentine.core.engine:_tick:193 | {'system': 'core'} | Error in system GUIDebugSystem: add_node_link() missing 2 required positional arguments: 'attr_1' and 'attr_2'
2026-02-27 04:56:32.986 | ERROR    | serpentine.core.engine:_tick:193 | {'system': 'core'} | Error in system GUIDebugSystem: add_node_link() missing 2 required positional arguments: 'attr_1' and 'attr_2'
2026-02-27 04:56:33.016 | ERROR    | serpentine.core.engine:_tick:193 | {'system': 'core'} | Error in system GUIDebugSystem: add_node_link() missing 2 required positional arguments: 'attr_1' and 'attr_2'
2026-02-27 04:56:33.047 | ERROR    | serpentine.core.engine:_tick:193 | {'system': 'core'} | Error in system GUIDebugSystem: add_node_link() missing 2 required positional arguments: 'attr_1' and 'attr_2'
2026-02-27 04:56:33.077 | ERROR    | serpentine.core.engine:_tick:193 | {'system': 'core'} | Error in system GUIDebugSystem: add_node_link() missing 2 required positional arguments: 'attr_1' and 'attr_2'
2026-02-27 04:56:33.109 | ERROR    | serpentine.core.engine:_tick:193 | {'system': 'core'} | Error in system GUIDebugSystem: add_node_link() missing 2 required positional arguments: 'attr_1' and 'attr_2'
2026-02-27 04:56:33.141 | ERROR    | serpentine.core.engine:_tick:193 | {'system': 'core'} | Error in system GUIDebugSystem: add_node_link() missing 2 required positional arguments: 'attr_1' and 'attr_2'
2026-02-27 04:56:33.172 | ERROR    | serpentine.core.engine:_tick:193 | {'system': 'core'} | Error in system GUIDebugSystem: add_node_link() missing 2 required positional arguments: 'attr_1' and 'attr_2'
2026-02-27 04:56:33.204 | ERROR    | serpentine.core.engine:_tick:193 | {'system': 'core'} | Error in system GUIDebugSystem: add_node_link() missing 2 required positional arguments: 'attr_1' and 'attr_2'
2026-02-27 04:56:33.236 | ERROR    | serpentine.core.engine:_tick:193 | {'system': 'core'} | Error in system GUIDebugSystem: add_node_link() missing 2 required positional arguments: 'attr_1' and 'attr_2'
2026-02-27 04:56:33.266 | ERROR    | serpentine.core.engine:_tick:193 | {'system': 'core'} | Error in system GUIDebugSystem: add_node_link() missing 2 required positional arguments: 'attr_1' and 'attr_2'
2026-02-27 04:56:33.297 | ERROR    | serpentine.core.engine:_tick:193 | {'system': 'core'} | Error in system GUIDebugSystem: add_node_link() missing 2 required positional arguments: 'attr_1' and 'attr_2'
2026-02-27 04:56:33.328 | ERROR    | serpentine.core.engine:_tick:193 | {'system': 'core'} | Error in system GUIDebugSystem: add_node_link() missing 2 required positional arguments: 'attr_1' and 'attr_2'
2026-02-27 04:56:33.360 | ERROR    | serpentine.core.engine:_tick:193 | {'system': 'core'} | Error in system GUIDebugSystem: add_node_link() missing 2 required positional arguments: 'attr_1' and 'attr_2'
2026-02-27 04:56:33.390 | ERROR    | serpentine.core.engine:_tick:193 | {'system': 'core'} | Error in system GUIDebugSystem: add_node_link() missing 2 required positional arguments: 'attr_1' and 'attr_2'
2026-02-27 04:56:33.421 | ERROR    | serpentine.core.engine:_tick:193 | {'system': 'core'} | Error in system GUIDebugSystem: add_node_link() missing 2 required positional arguments: 'attr_1' and 'attr_2'
2026-02-27 04:56:33.452 | ERROR    | serpentine.core.engine:_tick:193 | {'system': 'core'} | Error in system GUIDebugSystem: add_node_link() missing 2 required positional arguments: 'attr_1' and 'attr_2'
2026-02-27 04:56:33.484 | ERROR    | serpentine.core.engine:_tick:193 | {'system': 'core'} | Error in system GUIDebugSystem: add_node_link() missing 2 required positional arguments: 'attr_1' and 'attr_2'
2026-02-27 04:56:33.515 | ERROR    | serpentine.core.engine:_tick:193 | {'system': 'core'} | Error in system GUIDebugSystem: add_node_link() missing 2 required positional arguments: 'attr_1' and 'attr_2'
2026-02-27 04:56:33.547 | ERROR    | serpentine.core.engine:_tick:193 | {'system': 'core'} | Error in system GUIDebugSystem: add_node_link() missing 2 required positional arguments: 'attr_1' and 'attr_2'
2026-02-27 04:56:33.578 | ERROR    | serpentine.core.engine:_tick:193 | {'system': 'core'} | Error in system GUIDebugSystem: add_node_link() missing 2 required positional arguments: 'attr_1' and 'attr_2'
2026-02-27 04:56:33.608 | ERROR    | serpentine.core.engine:_tick:193 | {'system': 'core'} | Error in system GUIDebugSystem: add_node_link() missing 2 required positional arguments: 'attr_1' and 'attr_2'
2026-02-27 04:56:33.640 | ERROR    | serpentine.core.engine:_tick:193 | {'system': 'core'} | Error in system GUIDebugSystem: add_node_link() missing 2 required positional arguments: 'attr_1' and 'attr_2'
2026-02-27 04:56:33.671 | ERROR    | serpentine.core.engine:_tick:193 | {'system': 'core'} | Error in system GUIDebugSystem: add_node_link() missing 2 required positional arguments: 'attr_1' and 'attr_2'
2026-02-27 04:56:33.703 | ERROR    | serpentine.core.engine:_tick:193 | {'system': 'core'} | Error in system GUIDebugSystem: add_node_link() missing 2 required positional arguments: 'attr_1' and 'attr_2'
2026-02-27 04:56:33.734 | ERROR    | serpentine.core.engine:_tick:193 | {'system': 'core'} | Error in system GUIDebugSystem: add_node_link() missing 2 required positional arguments: 'attr_1' and 'attr_2'
2026-02-27 04:56:33.766 | ERROR    | serpentine.core.engine:_tick:193 | {'system': 'core'} | Error in system GUIDebugSystem: add_node_link() missing 2 required positional arguments: 'attr_1' and 'attr_2'
2026-02-27 04:56:33.795 | ERROR    | serpentine.core.engine:_tick:193 | {'system': 'core'} | Error in system GUIDebugSystem: add_node_link() missing 2 required positional arguments: 'attr_1' and 'attr_2'
2026-02-27 04:56:33.826 | ERROR    | serpentine.core.engine:_tick:193 | {'system': 'core'} | Error in system GUIDebugSystem: add_node_link() missing 2 required positional arguments: 'attr_1' and 'attr_2'
2026-02-27 04:56:33.843 | ERROR    | serpentine.core.engine:_tick:193 | {'system': 'core'} | Error in system GUIDebugSystem: add_node_link() missing 2 required positional arguments: 'attr_1' and 'attr_2'
2026-02-27 04:56:33.872 | ERROR    | serpentine.core.engine:_tick:193 | {'system': 'core'} | Error in system GUIDebugSystem: add_node_link() missing 2 required positional arguments: 'attr_1' and 'attr_2'
2026-02-27 04:56:33.904 | ERROR    | serpentine.core.engine:_tick:193 | {'system': 'core'} | Error in system GUIDebugSystem: add_node_link() missing 2 required positional arguments: 'attr_1' and 'attr_2'
2026-02-27 04:56:33.935 | ERROR    | serpentine.core.engine:_tick:193 | {'system': 'core'} | Error in system GUIDebugSystem: add_node_link() missing 2 required positional arguments: 'attr_1' and 'attr_2'
2026-02-27 04:56:33.967 | ERROR    | serpentine.core.engine:_tick:193 | {'system': 'core'} | Error in system GUIDebugSystem: add_node_link() missing 2 required positional arguments: 'attr_1' and 'attr_2'
2026-02-27 04:56:33.999 | ERROR    | serpentine.core.engine:_tick:193 | {'system': 'core'} | Error in system GUIDebugSystem: add_node_link() missing 2 required positional arguments: 'attr_1' and 'attr_2'
2026-02-27 04:56:34.029 | ERROR    | serpentine.core.engine:_tick:193 | {'system': 'core'} | Error in system GUIDebugSystem: add_node_link() missing 2 required positional arguments: 'attr_1' and 'attr_2'
2026-02-27 04:56:34.061 | ERROR    | serpentine.core.engine:_tick:193 | {'system': 'core'} | Error in system GUIDebugSystem: add_node_link() missing 2 required positional arguments: 'attr_1' and 'attr_2'
2026-02-27 04:56:34.092 | ERROR    | serpentine.core.engine:_tick:193 | {'system': 'core'} | Error in system GUIDebugSystem: add_node_link() missing 2 required positional arguments: 'attr_1' and 'attr_2'
2026-02-27 04:56:34.123 | ERROR    | serpentine.core.engine:_tick:193 | {'system': 'core'} | Error in system GUIDebugSystem: add_node_link() missing 2 required positional arguments: 'attr_1' and 'attr_2'
2026-02-27 04:56:34.154 | ERROR    | serpentine.core.engine:_tick:193 | {'system': 'core'} | Error in system GUIDebugSystem: add_node_link() missing 2 required positional arguments: 'attr_1' and 'attr_2'
2026-02-27 04:56:34.186 | ERROR    | serpentine.core.engine:_tick:193 | {'system': 'core'} | Error in system GUIDebugSystem: add_node_link() missing 2 required positional arguments: 'attr_1' and 'attr_2'
2026-02-27 04:56:34.217 | ERROR    | serpentine.core.engine:_tick:193 | {'system': 'core'} | Error in system GUIDebugSystem: add_node_link() missing 2 required positional arguments: 'attr_1' and 'attr_2'
2026-02-27 04:56:34.248 | ERROR    | serpentine.core.engine:_tick:193 | {'system': 'core'} | Error in system GUIDebugSystem: add_node_link() missing 2 required positional arguments: 'attr_1' and 'attr_2'
2026-02-27 04:56:34.279 | ERROR    | serpentine.core.engine:_tick:193 | {'system': 'core'} | Error in system GUIDebugSystem: add_node_link() missing 2 required positional arguments: 'attr_1' and 'attr_2'
2026-02-27 04:56:34.310 | ERROR    | serpentine.core.engine:_tick:193 | {'system': 'core'} | Error in system GUIDebugSystem: add_node_link() missing 2 required positional arguments: 'attr_1' and 'attr_2'
2026-02-27 04:56:34.342 | ERROR    | serpentine.core.engine:_tick:193 | {'system': 'core'} | Error in system GUIDebugSystem: add_node_link() missing 2 required positional arguments: 'attr_1' and 'attr_2'
2026-02-27 04:56:34.372 | ERROR    | serpentine.core.engine:_tick:193 | {'system': 'core'} | Error in system GUIDebugSystem: add_node_link() missing 2 required positional arguments: 'attr_1' and 'attr_2'
2026-02-27 04:56:34.403 | ERROR    | serpentine.core.engine:_tick:193 | {'system': 'core'} | Error in system GUIDebugSystem: add_node_link() missing 2 required positional arguments: 'attr_1' and 'attr_2'
2026-02-27 04:56:34.434 | ERROR    | serpentine.core.engine:_tick:193 | {'system': 'core'} | Error in system GUIDebugSystem: add_node_link() missing 2 required positional arguments: 'attr_1' and 'attr_2'
2026-02-27 04:56:34.465 | ERROR    | serpentine.core.engine:_tick:193 | {'system': 'core'} | Error in system GUIDebugSystem: add_node_link() missing 2 required positional arguments: 'attr_1' and 'attr_2'
2026-02-27 04:56:34.498 | ERROR    | serpentine.core.engine:_tick:193 | {'system': 'core'} | Error in system GUIDebugSystem: add_node_link() missing 2 required positional arguments: 'attr_1' and 'attr_2'
2026-02-27 04:56:34.530 | ERROR    | serpentine.core.engine:_tick:193 | {'system': 'core'} | Error in system GUIDebugSystem: add_node_link() missing 2 required positional arguments: 'attr_1' and 'attr_2'
2026-02-27 04:56:34.561 | ERROR    | serpentine.core.engine:_tick:193 | {'system': 'core'} | Error in system GUIDebugSystem: add_node_link() missing 2 required positional arguments: 'attr_1' and 'attr_2'
2026-02-27 04:56:34.592 | ERROR    | serpentine.core.engine:_tick:193 | {'system': 'core'} | Error in system GUIDebugSystem: add_node_link() missing 2 required positional arguments: 'attr_1' and 'attr_2'
2026-02-27 04:56:34.622 | ERROR    | serpentine.core.engine:_tick:193 | {'system': 'core'} | Error in system GUIDebugSystem: add_node_link() missing 2 required positional arguments: 'attr_1' and 'attr_2'
2026-02-27 04:56:34.654 | ERROR    | serpentine.core.engine:_tick:193 | {'system': 'core'} | Error in system GUIDebugSystem: add_node_link() missing 2 required positional arguments: 'attr_1' and 'attr_2'
2026-02-27 04:56:34.685 | ERROR    | serpentine.core.engine:_tick:193 | {'system': 'core'} | Error in system GUIDebugSystem: add_node_link() missing 2 required positional arguments: 'attr_1' and 'attr_2'
2026-02-27 04:56:34.717 | ERROR    | serpentine.core.engine:_tick:193 | {'system': 'core'} | Error in system GUIDebugSystem: add_node_link() missing 2 required positional arguments: 'attr_1' and 'attr_2'
2026-02-27 04:56:34.747 | ERROR    | serpentine.core.engine:_tick:193 | {'system': 'core'} | Error in system GUIDebugSystem: add_node_link() missing 2 required positional arguments: 'attr_1' and 'attr_2'
2026-02-27 04:56:34.778 | ERROR    | serpentine.core.engine:_tick:193 | {'system': 'core'} | Error in system GUIDebugSystem: add_node_link() missing 2 required positional arguments: 'attr_1' and 'attr_2'
2026-02-27 04:56:34.809 | ERROR    | serpentine.core.engine:_tick:193 | {'system': 'core'} | Error in system GUIDebugSystem: add_node_link() missing 2 required positional arguments: 'attr_1' and 'attr_2'
2026-02-27 04:56:34.839 | ERROR    | serpentine.core.engine:_tick:193 | {'system': 'core'} | Error in system GUIDebugSystem: add_node_link() missing 2 required positional arguments: 'attr_1' and 'attr_2'
2026-02-27 04:56:34.871 | ERROR    | serpentine.core.engine:_tick:193 | {'system': 'core'} | Error in system GUIDebugSystem: add_node_link() missing 2 required positional arguments: 'attr_1' and 'attr_2'
2026-02-27 04:56:34.902 | ERROR    | serpentine.core.engine:_tick:193 | {'system': 'core'} | Error in system GUIDebugSystem: add_node_link() missing 2 required positional arguments: 'attr_1' and 'attr_2'
2026-02-27 04:56:34.934 | ERROR    | serpentine.core.engine:_tick:193 | {'system': 'core'} | Error in system GUIDebugSystem: add_node_link() missing 2 required positional arguments: 'attr_1' and 'attr_2'
2026-02-27 04:56:34.965 | ERROR    | serpentine.core.engine:_tick:193 | {'system': 'core'} | Error in system GUIDebugSystem: add_node_link() missing 2 required positional arguments: 'attr_1' and 'attr_2'
2026-02-27 04:56:34.997 | ERROR    | serpentine.core.engine:_tick:193 | {'system': 'core'} | Error in system GUIDebugSystem: add_node_link() missing 2 required positional arguments: 'attr_1' and 'attr_2'
2026-02-27 04:56:35.028 | ERROR    | serpentine.core.engine:_tick:193 | {'system': 'core'} | Error in system GUIDebugSystem: add_node_link() missing 2 required positional arguments: 'attr_1' and 'attr_2'
2026-02-27 04:56:35.058 | ERROR    | serpentine.core.engine:_tick:193 | {'system': 'core'} | Error in system GUIDebugSystem: add_node_link() missing 2 required positional arguments: 'attr_1' and 'attr_2'
2026-02-27 04:56:35.089 | ERROR    | serpentine.core.engine:_tick:193 | {'system': 'core'} | Error in system GUIDebugSystem: add_node_link() missing 2 required positional arguments: 'attr_1' and 'attr_2'
2026-02-27 04:56:35.121 | ERROR    | serpentine.core.engine:_tick:193 | {'system': 'core'} | Error in system GUIDebugSystem: add_node_link() missing 2 required positional arguments: 'attr_1' and 'attr_2'
2026-02-27 04:56:35.153 | ERROR    | serpentine.core.engine:_tick:193 | {'system': 'core'} | Error in system GUIDebugSystem: add_node_link() missing 2 required positional arguments: 'attr_1' and 'attr_2'
2026-02-27 04:56:35.184 | ERROR    | serpentine.core.engine:_tick:193 | {'system': 'core'} | Error in system GUIDebugSystem: add_node_link() missing 2 required positional arguments: 'attr_1' and 'attr_2'
2026-02-27 04:56:35.217 | ERROR    | serpentine.core.engine:_tick:193 | {'system': 'core'} | Error in system GUIDebugSystem: add_node_link() missing 2 required positional arguments: 'attr_1' and 'attr_2'
2026-02-27 04:56:35.247 | ERROR    | serpentine.core.engine:_tick:193 | {'system': 'core'} | Error in system GUIDebugSystem: add_node_link() missing 2 required positional arguments: 'attr_1' and 'attr_2'
2026-02-27 04:56:35.278 | ERROR    | serpentine.core.engine:_tick:193 | {'system': 'core'} | Error in system GUIDebugSystem: add_node_link() missing 2 required positional arguments: 'attr_1' and 'attr_2'
2026-02-27 04:56:35.316 | ERROR    | serpentine.core.engine:_tick:193 | {'system': 'core'} | Error in system GUIDebugSystem: add_node_link() missing 2 required positional arguments: 'attr_1' and 'attr_2'
2026-02-27 04:56:35.343 | ERROR    | serpentine.core.engine:_tick:193 | {'system': 'core'} | Error in system GUIDebugSystem: add_node_link() missing 2 required positional arguments: 'attr_1' and 'attr_2'
2026-02-27 04:56:35.375 | ERROR    | serpentine.core.engine:_tick:193 | {'system': 'core'} | Error in system GUIDebugSystem: add_node_link() missing 2 required positional arguments: 'attr_1' and 'attr_2'
2026-02-27 04:56:35.401 | ERROR    | serpentine.core.engine:_tick:193 | {'system': 'core'} | Error in system GUIDebugSystem: add_node_link() missing 2 required positional arguments: 'attr_1' and 'attr_2'
2026-02-27 04:56:35.431 | ERROR    | serpentine.core.engine:_tick:193 | {'system': 'core'} | Error in system GUIDebugSystem: add_node_link() missing 2 required positional arguments: 'attr_1' and 'attr_2'
2026-02-27 04:56:35.462 | ERROR    | serpentine.core.engine:_tick:193 | {'system': 'core'} | Error in system GUIDebugSystem: add_node_link() missing 2 required positional arguments: 'attr_1' and 'attr_2'
2026-02-27 04:56:35.493 | ERROR    | serpentine.core.engine:_tick:193 | {'system': 'core'} | Error in system GUIDebugSystem: add_node_link() missing 2 required positional arguments: 'attr_1' and 'attr_2'
2026-02-27 04:56:35.523 | ERROR    | serpentine.core.engine:_tick:193 | {'system': 'core'} | Error in system GUIDebugSystem: add_node_link() missing 2 required positional arguments: 'attr_1' and 'attr_2'
2026-02-27 04:56:35.555 | ERROR    | serpentine.core.engine:_tick:193 | {'system': 'core'} | Error in system GUIDebugSystem: add_node_link() missing 2 required positional arguments: 'attr_1' and 'attr_2'
2026-02-27 04:56:35.587 | ERROR    | serpentine.core.engine:_tick:193 | {'system': 'core'} | Error in system GUIDebugSystem: add_node_link() missing 2 required positional arguments: 'attr_1' and 'attr_2'
2026-02-27 04:56:35.618 | ERROR    | serpentine.core.engine:_tick:193 | {'system': 'core'} | Error in system GUIDebugSystem: add_node_link() missing 2 required positional arguments: 'attr_1' and 'attr_2'
2026-02-27 04:56:35.649 | ERROR    | serpentine.core.engine:_tick:193 | {'system': 'core'} | Error in system GUIDebugSystem: add_node_link() missing 2 required positional arguments: 'attr_1' and 'attr_2'
2026-02-27 04:56:35.680 | ERROR    | serpentine.core.engine:_tick:193 | {'system': 'core'} | Error in system GUIDebugSystem: add_node_link() missing 2 required positional arguments: 'attr_1' and 'attr_2'
2026-02-27 04:56:35.712 | ERROR    | serpentine.core.engine:_tick:193 | {'system': 'core'} | Error in system GUIDebugSystem: add_node_link() missing 2 required positional arguments: 'attr_1' and 'attr_2'
2026-02-27 04:56:35.743 | ERROR    | serpentine.core.engine:_tick:193 | {'system': 'core'} | Error in system GUIDebugSystem: add_node_link() missing 2 required positional arguments: 'attr_1' and 'attr_2'
2026-02-27 04:56:35.774 | ERROR    | serpentine.core.engine:_tick:193 | {'system': 'core'} | Error in system GUIDebugSystem: add_node_link() missing 2 required positional arguments: 'attr_1' and 'attr_2'
2026-02-27 04:56:35.805 | ERROR    | serpentine.core.engine:_tick:193 | {'system': 'core'} | Error in system GUIDebugSystem: add_node_link() missing 2 required positional arguments: 'attr_1' and 'attr_2'
2026-02-27 04:56:35.836 | ERROR    | serpentine.core.engine:_tick:193 | {'system': 'core'} | Error in system GUIDebugSystem: add_node_link() missing 2 required positional arguments: 'attr_1' and 'attr_2'
2026-02-27 04:56:35.867 | ERROR    | serpentine.core.engine:_tick:193 | {'system': 'core'} | Error in system GUIDebugSystem: add_node_link() missing 2 required positional arguments: 'attr_1' and 'attr_2'
2026-02-27 04:56:35.899 | ERROR    | serpentine.core.engine:_tick:193 | {'system': 'core'} | Error in system GUIDebugSystem: add_node_link() missing 2 required positional arguments: 'attr_1' and 'attr_2'
2026-02-27 04:56:35.930 | ERROR    | serpentine.core.engine:_tick:193 | {'system': 'core'} | Error in system GUIDebugSystem: add_node_link() missing 2 required positional arguments: 'attr_1' and 'attr_2'
2026-02-27 04:56:35.961 | ERROR    | serpentine.core.engine:_tick:193 | {'system': 'core'} | Error in system GUIDebugSystem: add_node_link() missing 2 required positional arguments: 'attr_1' and 'attr_2'
2026-02-27 04:56:35.993 | ERROR    | serpentine.core.engine:_tick:193 | {'system': 'core'} | Error in system GUIDebugSystem: add_node_link() missing 2 required positional arguments: 'attr_1' and 'attr_2'
2026-02-27 04:56:36.025 | ERROR    | serpentine.core.engine:_tick:193 | {'system': 'core'} | Error in system GUIDebugSystem: add_node_link() missing 2 required positional arguments: 'attr_1' and 'attr_2'
2026-02-27 04:56:36.056 | ERROR    | serpentine.core.engine:_tick:193 | {'system': 'core'} | Error in system GUIDebugSystem: add_node_link() missing 2 required positional arguments: 'attr_1' and 'attr_2'
2026-02-27 04:56:36.087 | ERROR    | serpentine.core.engine:_tick:193 | {'system': 'core'} | Error in system GUIDebugSystem: add_node_link() missing 2 required positional arguments: 'attr_1' and 'attr_2'
2026-02-27 04:56:36.117 | ERROR    | serpentine.core.engine:_tick:193 | {'system': 'core'} | Error in system GUIDebugSystem: add_node_link() missing 2 required positional arguments: 'attr_1' and 'attr_2'
